0	1
タンパク 質 多め の 日本 食 	焼き魚 定食 
イタリアン で こってり し た もの 	カルボナーラ 
甘い ランチ 	フレンチ トースト 
友達 と ワイワイ 食べる 	ピザ 
小腹 が すい た 隙間 時間 	お にぎり 
パン 系 で 軽め に 食べ たい 	サンドウィッチ 
お腹 に 優しい もの が いい な 	お 粥 
疲れ が 取れ て 温まる もの 	薬膳 鍋 
温かい 麺類 食べ たい けど 野菜 も 摂取 し たい 	ちゃんぽん 
ガッツリ お 肉 食べ たい 	ステーキ 
脂質 低め で 贅沢 な お 食事 食べ たい 	お 寿司 
パクチー 入っ て て 手軽 に 食べれる もの 	バインミー 
お 金 ない けど 牛肉 食べ たい 	牛丼 
エスニック で 糖質 少なめ が いい な 	バインセオ 
暑い の で さっぱり 冷たい もの が 食べ たい 	ざる そば 
身体 が 温まる 洋食 	クリーム シチュー 
北海道 の 風 を 感じ たい 	ジンギスカン 
こってり 系 で 楽しく 食べれる もの 	串カツ 
魚 系 で 非 日常 感 ある 贅沢 し たい 	うな重 
いろんな 種類 の 魚介 楽しみ たい 	海鮮 丼 
ワイン に 合っ て 軽く 食べれる もの 	フラムクーヘン 
甘辛 な チキン 	ヤンニョムチキン 
肉汁 たっぷり な メイン 	ハンバーグ 
キャベツ と 合わせ て お 肉 食べ たい 	生姜 焼き 
ハワイ 気分 に なれる 	ロコモコ 
真冬 に こたつ で あったまり たい 	お でん 
熱く て 辛い もの 食べ て スッキリ し たい 	火鍋 
童心 に 帰り たい 	お 子 様 ランチ 
ヘルシー に 豚肉 食べ たい 	しゃぶしゃぶ 
チーズ 入っ てる お 米系 	ドリア 
サラッ と 食べれる ねばねば 系 	とろろそば 
インパクト ある 魚介 料理 	ロブスター 
軽く 鶏肉 食べ たい 	焼き鳥 
濃いめ の 味付け で 豚肉 食べ たい 	豚丼 
試合 前 の 勝負 飯 	カツ 
食欲 ない けど さらっ と 食べ たい 	お 茶漬け 
安く 素早く たべれる 麺類 	ラーメン 
子供 と 一緒 に 思いっきり お腹 を 満たす 	焼肉 
ケチャップ と 一緒 に 卵 料理 	オムライス 
朝ごはん 簡単 に 済ま せ たい 	卵かけ ご飯 
レモン サワー に あう 揚げ物 	唐揚げ 
ひな祭り の ごはん 	ちらし寿司 
みんな で ワイワイ チーズ 系 	チーズ フォンデュ 
野菜 たくさん 取れる 韓国 料理 	ビビンバ 
スパイス の きい て いる もの 	カレー ライス 
台湾 な 感じ で お 肉 食べ たい 	ルーロー 飯 
身体 が あったまる 手軽 に 食べれる もの 	肉まん 
野菜 も お 肉 も 食べ たい 	野菜 炒め 
暑い の で 身体 を 冷やす 麺 料理 が いい な 	冷やし 中華 
すごく 甘い もの 食べ たい 	パンケーキ 
身体 の 冷え と 疲労 感 に 効く もの 食べ たい な 	参鶏湯 
給食 で 食べ て た 懐かしい もの 	揚げ パン 
すごい お腹 すい た から お 肉 食べ たい 	ハンバーグ 
秋 の オ ススメ の 魚 は ？ 	秋刀魚 の 塩焼き 
大 人数 で シェア し たい 	ピザ 
お 祭り の 屋台 の 定番 メシ 	焼きそば 
大通 公園 で 食べ たい 	焼き トウキビ 
みんな で ワイワイ 作っ て 食べ たい 	たこ焼き 
眠れ ない 夜 に 	ホット ココア 
アメリカン な 飲み物 	コーラ 
生魚 が 食べ たい 	お 寿司 
新鮮 な お 魚 が 食べ たい 	お 寿司 
日本 の 伝統 食 が 食べ たい 	お 寿司 
酢飯 が 食べ たい 	お 寿司 
流行り の スイーツ が 食べ たい 	カヌレ 
セブン で 美味しい もの が 食べ たい 	からあげ 棒 
ファミマ で 美味しい もの 	ファミチキ 
ローソン で 美味しい もの 	冷凍 の 馬刺し 
こんにゃく 料理 	こんにゃく ステーキ 
お 寿司 に 合う 食べ物 	茶碗 蒸し 
手軽 に 焼き魚 が 食べ たい 	焼き 鯖 おにぎり 
甘く て ほっと する スープ が 飲み たい 	コーン スープ 
うち の オ カン が 好き な 朝ごはん 	コーンフレーク 
朝 から 楽 し て 腹 を 満たし たい 	コーンフレーク 
中華 な 気分 	天津 炒飯 
タカノ さん が よく 作る やつ 	ほうれん 草 の おひたし 
名古屋 名物 	ひつまぶし 
大 親友 の 彼女 の 連れ が 作り そう な 食べ物 	パスタ 
定番 の メキシコ 料理 	タ コス 
頭 を 冷やし たい 気分 	アイス クリーム 
コンビニ の おにぎり は 少し 飽き ちゃっ た 	海苔巻き 
温かく て 美味しい やつ 	もつ鍋 
パワー が 欲しく て ガッツリ 	餃子 
疲れ て 何 も し たく ない 	アルコール 
お腹 すい たぁ 、 沢山 食べ たい よぉ 	焼肉 
クリーム 系 の あったかい もの 	クリーム シチュー 
あまり の 食材 で 何 を たべよう か な 	もん じゃ 
アメリカ から 来 た 友達 と 日本 食 	お 寿司 
クリーム たっぷり と 甘い もの で お腹 を 満たし たい 	パンケーキ 
小腹 が 空い た 時 に 食べ たい 	ゆでたまご 
秋 を 感じ たい 	栗ご飯 
春 を 感じ たい 	筍 ご飯 
夏 を 感じ たい 	冷やし 中華 
冬 を 感じ たい 	クリーム シチュー 
ネバネバ し てる やつ 	オクラ 
ネバネバ し てる やつ 	納豆 
ネバネバ し てる やつ 	とろろ 
ネバネバ し てる やつ 	めかぶ 
小腹 が 空い た 時 に 食べ たい 	納豆 
小腹 が 空い た 時 に 食べ たい 	干し芋 
小腹 が 空い た 時 に たべ たい 	ビスケット 
魚 も ご飯 も いっぱい たべ たい 	海鮮 丼 
せっかく の 築地 で の お 昼 	海鮮 丼 
資料 作成 が 終わっ て ない けど 、 ご飯 は 食べ たい 	お にぎり 
今日 の 朝 は パン で 、 昼 は カレー ライス 、 夜 は ？ 	焼きそば 
暑い 夏 に 屋台 で ごはん 	焼きそば 
ジャンキー な もの 食べ たい 	フライド チキン 
頑張っ た 一 週間 の ご 褒美 	お 寿司 
胃腸 が 疲れ てる な 	お かゆ 
疲れ 切っ てる の で 元気 に なれる もの 食べ たい 	ハンバーグ 
貧血 気味 	カツオ の たたき 
矯正 の メンテナンス し た 直後 だ から 柔らかい もの 食べ たい 	卵 がゆ 
スタミナ つく ごはん 	餃子 
減量 し なきゃ 	サラダ チキン 
罪悪 感 の 少ない 夜食 	雑炊 
秋 の 味覚 	さん ま 
おしゃれ な モーニング 	フレンチ トースト 
友達 と カフェ で ごはん 	フレンチ トースト 
暑い 日 に サッパリ し た もの 	冷しゃぶ 
寒い 冬 の 日 に 食べ たい 	グラタン 
卵 の 気分 	オムライス 
お 米系 で 贅沢 な もの 食べ たい 	うな重 
大阪 で 食べる べき もの 	たこ焼き 
野菜 不足 が 深刻 だ な 	ミネストローネ 
タンパク 質 豊富 な タイ 料理 食べ たい 	カオマンガイ 
刺激 強め の もの 食べ たい 	火鍋 
下町 っぽい もの 	もん じゃ 
魚介 の 旨味 を 感じ られる お 米系 の もの 	パエリア 
あきのぶ さん と 食べ たい 	飲茶 
仙台 に 来 たら 	牛タン 
お 出汁 の 旨味 を 感じ たい 	出汁 茶漬け 
幸せ な 気分 に なり たい 	お 寿司 
パリパリ 食感 を 感じ たい 	グミッツェル 
疲れ た から ジャンキー な もの 	韓国 チキン 
いい 女 風 の 軽い ランチ 	サラダ ラップ 
和食 で 食感 を 楽しみ たい 	いくら 丼 
夜 に 罪悪 感 を 感じ たい 	家系 ラーメン 
ストレス を 発散 し たい 	激辛 ラーメン 
身体 動かし た 後 に 食べ たい 	酢 多め の ちゃんぽん 
夏バテ し て 何 も 食べ たく ない 	冷しゃぶ 
大阪 王将 で 食べ たい やつ 	ふわとろ 天津 飯 
お 米 メイン で スパイシー 	ビ リヤ ニ 
短 時間 で パッ と 食べれる もの 	サンドウィッチ 
お腹 が すい た ジャンク 	ピザ 
やる気 の ない 昼食 	チャーハン 
疲れ た から 甘い もの 食べ たい 	スイート ポテト 
お 手軽 で 安い 昼ごはん 	マック 
マック の 主食 	ポテト 
アジア 料理 の 後 の デザート 	杏仁 豆腐 
今日 は 特別 な 日 だ な 。 	ハンバーグ 
しっかり 食べ て 、 パワー チャージ し た 	トンカツ 
真冬 に お 家 で あっ た かいもの 食べ たい 	クリーム シチュー 
兄 が 帰っ て き た から 、 ご飯 を つくっ て あげる 	トンカツ 
長崎 の 風 を 感じ たい な 。 	ちゃんぽん 
たっぷり 野菜 と 麺 	ちゃんぽん 
スタミナ が つく 、 和食 が 食べ たい な 	生姜 焼き 定食 
午後 の 授業 眠たく なり たく ない 	カレー ライス 
１ 限 の 前 に 簡単 な 朝ごはん 	お にぎり 
サクッ と に 中華 料理 を あじわい たい 	餃子 
護国寺 で 美味しい 和 菓子 が 食べ たい な 	豆 大福 
京都 で 美味しい お 土産 に なる もの 	八 つ 橋 
体調 悪い とき に たべる ご飯 	うどん 
冷たく て 、 甘い もの が 食べ たい 	かき氷 
お腹 に 優しい 食べ物 	ヨーグルト 
眠い 	コーヒー ゼリー 
いつ も 	ラーメン 
がっつり し た サンドイッチ が 食べ たい 	カツ サンド 
バスケ 部 の 思い出 の 味 	ドリア 
学食 	醤油 ラーメン 
お 母 さん の 暖か さ を 感じ たい 	味噌 汁 
後輩 と 一緒 に カフェ に ご飯 を 食べ に 行く 	フレンチ トースト 
時間 が ない 、 栄養 欲しい 	お にぎり 
野菜 	トマト 
家族 で 楽しく 	鍋 
お 昼過ぎ に 甘い もの が たべ たい 	フレンチ トースト 
寒い 日 に 温まり たい 	鍋 
暑い 	パピコ 
汗 を ひたすら に かき たい 	薬膳 鍋 
クリーム たっぷり 、 フルーツ たっぷり で かわいい 	フレンチ トースト 
忘年 会 で ビール と 一緒 に 食べる 	もつ鍋 
写真 映え する スイーツ が 食べ たい 	クリーム サンド 
野菜 嫌い で も 野菜 を 食べ たい 	味 噌鍋 
残り の 食材 と キャベツ を たっぷり 食べ たい 	もん じゃ 
和食 も 食べ たい し 、 洋食 も 食べ たい 	醤油 ステーキ 
打ち上げ で 鉄板 焼き を 食べ たい 	お好み焼き 
お 父 さん と 二人 で お 留守 番 の 日 に 食べる ごはん 	牛丼 
目 で も 舌 で も 美味しい を 味わい たい 	シカゴ ピザ 
安く 、 お 肉 も ごはん も たべ たい 	牛丼 
ご 当地 の 味 を 食べ比べ し たい 	ラーメン 
暑く て 疲れ た 	冷しゃぶ 
友達 の 誕生 日 パーティー に デリバリー できる もの 	ピザ 
友達 の 家 で 頼む もの 	韓国 チキン 
ポケモン の シール 集め たい 	ポケモン パン 
ネバネバ 	納豆 
友達 を 仲良く なり たい 	お好み焼き 
朝 	トースト 
友達 と 仲良く なり たい 	たこ焼き 
とろろ って 何 と 食べる の ？ 	牛タン 
先生 から の ご 褒美 で 嬉しかっ た もの 	アイス 
おしゃれ で ヘルシー な もの 	サラダ バー 
せっかく だ から 、 海 で ごはん 食べ たい 	海鮮 丼 
色々 な お 刺身 たべ たい 	海鮮 丼 
カフェ で ランチ 	パスタ 
たくさん の 旬 の 食材 で なに か 作り たい 	炊き込み ご飯 
こども の 日 の パーティー メニュー 	ポーク ソテー 
子ども の 日 に 洋風 食べ たい 	ハンバーグ 
子ども と 一緒 に 簡単 に 作り たい 	手巻き 寿司 
ファミレス で デザート 食べ たい 	パフェ 
兄 と ご飯 に 行く なら どこ 	トンカツ 
お 父 さん と 母 の 日 に ご飯 つくる 	餃子 
今日 雨 降っ て て 、 ジメジメ する 	冷やし 中華 
梅雨 の 季節 は 嫌い 	冷やし 坦々 麺 
夏 野菜 を 使っ た 料理 食べ たい 	ゴーヤ チャンプル 
暑い から キッチン に 長く いれ ない 	キーマ カレー 
夏 に みんな で たべ たい 	そうめん 
体育 館 に 向かう 前 に 何 か 食べ たい 	そうめん 
暑 さ に 勝ち たい 	レバニラ 
にんにく で スタミナ つけ たい 	餃子 
父 の 日 に がっつり お 肉 	すき焼き 
ダイエット 中 の お 父 さん へ 料理 作っ て あげ たい 	五 宝 菜 
今日 は 七夕 の 日 、 麺 食べ たい 	そうめん 
そうめん の 付け合わせ の お すすめ 	豚しゃぶ サラダ 
お じい ちゃん と 久し ぶり に ごはん 	そば 
お ばあ ちゃん の 料理 たべ たい 	きんめ だい の 煮付け 
夏バテ に 勝ち たい 	うな重 
７ 月 に 入っ た から スタミナ つけ たい 	うな重 
自分 に ご 褒美 	すき焼き 
家族 で お 祝い 	すき焼き 
手軽 に サクッ と ランチ 	サンドウィッチ 
季節 の フルーツ 食べ たい 	フルーツ タルト 
ハロウィン らしい たべもの 	かぼちゃ グラタン 
冬 に お すすめ の 煮込み 	ロール キャベツ 
大根 つかっ た 和風 料理 	ぶり 大根 
クリスマス の 本格 料理 	ロースト ビーフ 
何 も 食べる 気 が し ない 日 	お 粥 
ご飯 食べる 気 に なれ ない 	お 粥 
寒い 日 の 学校 終わり 	肉まん 
帰り道 に あったかい もの 食べ たい 	肉まん 
簡単 卵 料理 	玉子焼き 
彩 寂しい とき の もう 一 品 	玉子焼き 
ほくほく な 和食 	肉じゃが 
味 が しみこん だ もの 食べ たい 	肉じゃが 
麺 と 相性 良い もの 	天ぷら 
甘 じょ っ ぱい 鍋 	すき焼き 
なん か 椎茸 食べ たい 気分 	すき焼き 
お 米 を 洋風 に 食べ たい 	オムライス 
ガッツリ かぶりつい て 食べ たい 	フライド チキン 
ピリ辛 い 味 の 中華 料理 	エビチリ 
味付け 濃い 麺 が 食べ たい 	焼きそば 
見 た 目 も 綺麗 な フレンチ 	テリーヌ 
デミグラス ソース 味 食べ たい し 、 あったまり たい 	ビーフ シチュー 
タカノ さん が 最近 習得 し た やつ 	オクラ の おかか 和え 
海鮮 が 食べ たい 	カルパッチョ 
ベトナム を 感じ たい 	生 春巻き 
こってり し た 麺類 	油そば 
サラッ と 食べれる 和食 っぽい の 	お 茶漬け 
みんな で 楽しく 海鮮 	手巻き 寿司 
珍しい インド 料理 	ビ リヤ ニ 
夜中 に お腹 が 空い た から 軽く 食べ たい 	お 茶漬け 
体調 が 回復 し た とき に 食べる ご飯 	納豆 巻き 
休日 の お 昼 を 考え たく ない 	納豆 巻き 
ジューシー さ たっぷり が いい な 	唐揚げ 
誕生 日 会 の ご飯 どうし よう 	ピザ 
ガッツリ お 肉 食べ たい 	牛タン 
みんな で ワイワイ 食べれる 鉄板 焼き 系 	もん じゃ 
変わっ た 料理 	タ コス 
暑い 、 疲れ た 	冷やし 中華 
しょっぱ め の 肉 	焼き鳥 
ご飯 と 卵 の 料理 	TKG 
ガッツリ お腹 いっぱい 卵 料理 	オムライス 
高級 な 日本 の ご飯 	筍 ご飯 
濃厚 な サラダ 	シーザー サラダ 
イタリアン サラダ 	生 ハム サラダ 
韓国 サラダ 	チョレギ サラダ 
日本 の サラダ 	和風 サラダ 
中華 サラダ 	春雨 サラダ 
トマト が 沢山 食べ たい 	トマト 鍋 
女子 会 で 鍋 	豆乳 鍋 
スペイン 料理 で お つまみ 	アヒージョ 
貝類 で 日本 食 	あさり の 味噌 汁 
お腹 ぺこぺこ で 倒れ そう 	牛丼 
ガッ ツい て 食べ たい 	タ ー キー レッグ 
お 子 様 ランチ 	チキン ライス 
暑く て 喉 が 渇い た 	アイス クリーム 
暑く て 贅沢 に 美味しい もの 食べ たい 	ピスタチオ ジェラート 
お 酒 の つまみ 	ピスタチオ 
お 酒 の つまみ 	生 ハム 
お 酒 の つまみ で チーズ 	カマンベール チーズ 
お 酒 の つまみ で がっつり 	焼き鳥 
お 酒 の つまみ で お 肉 	砂肝 
お 酒 の つまみ で 干物 	帆立 の 貝柱 
お 酒 の つまみ で 甘い もの 	チョコレート 
お 酒 の つまみ で さっぱり 	漬物 
お 酒 の つまみ で お洒落 な やつ 	燻製 
ダイエット し てる ランチ 	ささみ と ブロッコリー サラダ 
とにかく 痩せ たい ご飯 	ブロッコリー と ささみ サラダ 
何 か 頑張っ た 時 の ご 褒美 夕ご飯 	すき焼き 
ご 褒美 ディナー 	ステーキ 
ひと 工夫 加え た お 米 	焼きおにぎり 
王道 ピザ 	マルゲリータ 
疲れ た けど お腹 すい た 	宅配 ピザ 
バジル たっぷり パスタ 	ジェノベーゼ 
綺麗 な 見 た 目 で 和食 	巻き寿司 
光り物 の お 寿司 	鯖 の バッテラ 
とにかく 頑張っ た 時 の 贅沢 ご飯 	焼肉 
甘い 気分 で 栗 が 好き 	モン ブラン 
甘い 気分 で ケーキ が 食べ たい 	ショート ケーキ 
甘い 気分 の 豪華 な ケーキ 	フルーツ タルト 
ガッツリ 食べ たい 美味しい パン 	明太 子 フランス 
ご 褒美 ご飯 で ガッツリ 揚げ物 	唐揚げ 
滅多 に 食べ ない けど 美味しい 日本 食 	ちらし寿司 
スパイス が 効い てる ガッツリ 王道 ご飯 	カレー 
あと もう 一 品 追加 で 食べ たい 	稲荷寿司 
ガッツリ し た 韓国 料理 	石焼 ビビンバ 
子供 が 好き な おやつ 	りんご 
夏 の 暑い 日 に 食べ たい 	かき氷 
美味しい 鶏肉 料理 	つくね 
ガッツリ 食べ たい 揚げ物 	コロッケ 
お やつ に 揚げ物 	サラダ コロッケ 
お やつ に 揚げ物 	サーターアンダギー 
肉 料理 で 揚げ物 	メンチカツ 
お 酒 が 入っ た お 菓子 	ラムレーズンサンド 
小腹 が 空い た 時 食べ たい おやつ 	羊羹 
小腹 が すい た 時 食べ たい おやつ 	もなか 
屋台 に ある 麺 の ご飯 	焼きそば 
仕事 の 合間 に ちょっと 摘み たい お 菓子 	チョコ チップ クッキー 
一休み し たい 時 摘み たい 	せんべい 
ガッツリ 食べ たい 鶏肉 料理 	親子 丼 
食欲 が ない 時 に スルッ と 食べ たい 	そば 
ガッツリ お腹 すい た 時 の 麺 	油そば 
濃厚 な 重い 麺 	味噌 ラーメン 
はち切れ そう な 位 お腹 いっぱい に なり たい 時 	二郎 系 ラーメン 
美味しい 麺 料理 	ちゃんぽん 
野菜 も 食べ たい し 肉 も 食べ たい なぁ 	タ コライス 
食べ歩き で 肉 を 食べ たい 	タ コス 
臭い の が 癖 に なる 沖縄 料理 	ゴーヤ チャンプル 
麺 の 美味しい 韓国 料理 	チャプチェ 
海老 が 沢山 食べ たい 中華 料理 	エビチリ 
海老 が 沢山 食べ たい 中華 料理 	エビ マヨ 
サラッ と 食べ たい デザート 	杏仁 豆腐 
海鮮 たっぷり な 中華 料理 	上海 焼きそば 
ご飯 が 何 倍 で も 食べれる 中華 料理 	麻婆 豆腐 
ナス が 沢山 食べ たい 中華 料理 	麻婆 茄子 
贅沢 な ガッツリ 中華 料理 	北京 ダック 
中華 の おやつ 	ごま 団子 
エビ と ご飯 の 中華 料理 	エビ チャーハン 
野菜 が 食べれる 中華 料理 	高菜 炒飯 
とろとろ な 麺 料理 	あんかけ 焼きそば 
とろとろ な 炒飯 	あんかけ 炒飯 
野菜 も 食べれ て ガッツリ 中華 料理 	中華 丼 
夏 に 辛い スッキリ 中華 料理 	坦々 麺 
サラッ と 食べれ て 夏 に 嬉しい 麺 料理 	冷麺 
ガッツリ 野菜 が 沢山 食べ たい 	回鍋肉 
体育 祭 の 打ち上げ で ご飯 	焼肉 
大会 後 に みんな で ご飯 に いき たい 	焼肉 
いっぱい たべ て 、 気合い を 入れ たい 	焼肉 
文化 祭 後 に みんな で たべる 	鉄板 焼き 
みんな で 囲ん で ご飯 を 食べる 	鉄板 焼き 
下町 で 懐かしい 味 を 食べ たい 	鉄板 焼き 
暑い けど さっぱり お 肉 食べ たい 	冷しゃぶ 
ポン酢 と 一緒 に 食べれる もの 	しゃぶしゃぶ 
ご まだれ と 一緒 に 食べれる もの 	しゃぶしゃぶ 
韓国 好き な 人 と 美味しい お 米 料理 食べ たい 	石焼 ビビンバ 
焼肉 と 合わせ て ご飯 も 食べ ちゃい たい 気分 	石焼 ビビンバ 
がっつり お 米 食べ たい けど 、 野菜 も 少し 食べ たい 	高菜 炒飯 
テレビ で 早稲田 特集 し て た 	油そば 
油っこく 麺 食べ たい 	油そば 
コンビニ で プチ ご 褒美 	スイート ポテト 
頑張っ た から 甘い もの 食べ たい 	スイート ポテト 
さつま いも で お 菓子 作り たい 	スイート ポテト 
秋 らしい ご飯 を 食べ たい 	栗ごはん 
栗 たべ たい な 	栗ご飯 
お 正月 に 栗 食べ たい 	栗 きんとん 
サクサク で ホクホク な もの 	コロッケ 
ジャガイモ を アレンジ し て 食べ たい 	コロッケ 
お 家 で 楽しむ 中華 料理 	餃子 
ラーメン だけ じゃ も のたり ない 	餃子 
炒飯 に プラス し て 食べれる もの 	餃子 
ご飯 に 合う お 豆腐 を 使っ た 料理 	麻婆 豆腐 
お 豆腐 を 食べれる 中華 料理 	麻婆 豆腐 
ホクホク で 美味しい もの 	肉じゃが 
ホクホク な 家庭 料理 	肉じゃが 
優しい 味つけ 料理 	肉じゃが 
食べ て 幸せ な 気分 に なれる 	フレンチ トースト 
食 パン を おしゃれ に 食べ たい 	フレンチ トースト 
蜂蜜 と 合わせ て パン を 食べる 	フレンチ トースト 
子ども の 日 の 夜ご飯 	オムライス 
ケチャップ で 文字 書き たい 	オムライス 
初めて 作る 料理 	カレー ライス 
忙しい 昼 に 作る 夜ご飯 	カレー ライス 
昨日 の カレー の 残り で 昼ごはん 	カレー うどん 
じゃがいも と にんじん を 食べ たい 	カレー ライス 
チーズ が とろーり し て いる 感じ 	いももち 
チーズ 味 の おやつ 	チーズ ケーキ 
トースター で 作れる お つまみ 	ちくわ の 磯部 焼き 
ちくわ を 美味しく 食べ たい 	ちくわ の 磯部 焼き 
お 弁当 に 入っ て いる おかず 	ちくわ の 磯部 焼き 
ハンバーガー の お とも に 	フライド ポテト 
たまに は 揚げ物 買っ て 帰り たい 	フライド ポテト 
ピザ パーティー に おまけ 	フライド ポテト 
やみつき に なる チキン 	ヤンニョムチキン 
ピリ辛 な 韓国 料理 	ヤンニョムチキン 
手 で がっつり 食べ たい 	ヤンニョムチキン 
新 大久保 で チーズ と 一緒 に 食べれる もの 	ヤンニョムチキン 
今日 は 帰り が 遅い けど ご飯 食べ たい 	お 茶漬け 
夜中 に 勉強 し て たら お腹 すい た 	お 茶漬け 
チーズ と お 米 食べ たい 	ドリア 
日本 食 の 代表 料理 	お 寿司 
少し 高級 な お 店 で 落ち着い て 食べ たい 	お 寿司 
なんに も やる気 が 出 ない 日 に 食べる ごはん 	唐揚げ 
甘酢 に 合う おかず 	唐揚げ 
暑い 日 に 目 が 覚める もの 	かき氷 
こってり 系 麺類 	ラーメン 
熱々 な 麺 食べ たい 	ラーメン 
チャーシュー と 相性 良い もの 	ラーメン 
タンパク 質 豊富 な 和食 	焼き魚 定食 
こってり 系 イタリアン 	カルボナーラ 
甘い 系 で ランチ 	フレンチ トースト 
大 人数 で 食べ たい 	ピザ 
短 時間 で さっ と 食べ たい 	お にぎり 
お腹 に 優しめ 	お 粥 
疲れ に 効く ご飯 	薬膳 鍋 
野菜 豊富 な 麺 系 	ちゃんぽん 
がっつり パワー つけ たい 	ステーキ 
贅沢 し たい 	お 寿司 
エスニック 系 	バインミー 
パクチー 入っ てる の 	フォー 
北海道 気分 	スープ カレー 
甘辛い やつ 	ヤンニョムチキン 
さっぱり ねばねば 系 	とろろそば 
桃 の 節句 だ な 	ちらし寿司 
ふわふわ し た やつ 	パンケーキ 
ノスタルジー に 浸り たい 	揚げ パン 
代表 的 な 日本 食 	寿司 
お 米系 で 贅沢 	海鮮 丼 
貧血 が ひどい 	レバニラ 炒め 
牛肉 手軽 に 食べ たい 	牛丼 
仙台 ！ 	牛タン 
エビ が 食べ たい 	エビチリ 
さっぱり 麺類 	冷麺 
体調 悪め か も 	お 粥 
明太 子 食べ たい な 	もん じゃ 
軽く 胃 に 優しい もの 食べ たい 	お でん 
野菜 不足 か も 	野菜 炒め 
ジャンキー な の 食べ たい 	フライド チキン 
卵 を 摂取 し たい 	オムライス 
贅沢 ご飯 	すき焼き 
パイ 生地 	コーニッシュパスティ 
お つまみ 健康 	塩 キャベツ 
トマト 系 歯ごたえ 	ラザニア 
誰 で も 食べ られる 	お にぎり 
簡単 	インスタント ラーメン 
日本 っぽい もの 	お 寿司 
ガッツリ 食べ たい 	肉 丼 
デート 	フレンチ コース 
お つまみ 美味しい 	アボカド 塩 昆布 あ え 
お つまみ おしゃれ 	オリーブ の 実 
ワン プレート 朝ごはん 	イングリッシュ ブレックファースト 
簡単 朝ごはん 	パンケーキ 
テイクアウト 冬 	お でん 
テイクアウト コンビニ 	肉まん 
健康 思考 	サラダ ラップ 
便秘 解消 	ヨーグルト 
痩せ たい 	こんにゃく 
片手 で 食べ られる 	ハンバーガー 
お やつ 	フライド ポテト 
ちょっと 食べ たい 	焼き鳥 
パプリカ が 沢山 食べ たい 	青椒肉絲 
ガッツリ し た 中華 料理 	餃子 
煮込み 料理 で ガッツリ 	豚 の 角煮 
ちょっと 贅沢 し たい 気分 	うな重 
いつ も と 少し 違う もの が 食べ たい 	インド カレー 
ダイエット し たい けど お腹 すい た 	生 春巻き 
お 母 さん の 味 	肉じゃが 
中華 料理 の 前菜 	棒 棒 鶏 
海老 が 好き 	エビ マヨ 
中華 料理 で ガッツリ 食べ たい 	天津 飯 
中華 料理 の スープ 	サンラータン 
お 弁当 に ちょっと 付け加え たい 	焼売 
肉 が ガッツリ 食べ たい 	ロースト ビーフ 
辛い もちもち し た 軽食 	トッポギ 
鶏肉 が ガッツリ 食べ たい 	チキン 南蛮 
ガッツリ 肉 の 韓国 料理 	サムギョプサル 
寒い 時 に コンビニ で 食べ たい 	お でん 
豚肉 が 食べ たい けど 野菜 も 食べ たい 日 	しゃぶしゃぶ 
ガッツリ ジャンク フード 	ビックマックセット 
鶏肉 の 揚げ物 	チキン ナゲット 
暑い 日 に 食べ たい 甘く て 冷たい 	キャラメル マキアート 
実家 に 帰り たく なる 煮物 	筑前 煮 
ひと 工夫 加え た スープ 	豚汁 
沢山 野菜 が 食べ たい 	豚汁 
正月 に 食べる 	おせち 
作る の が 大変 	おせち 
お腹 いっぱい に なる 汁物 	けんちん 汁 
お腹 いっぱい に なる 汁物 	豚汁 
青森 に 行っ た 気分 に なれる ガッツリ 鍋 	きりたんぽ 
甘く て ガッツリ し た もの 	ぜんざい 
お腹 いっぱい に なる おやつ 	お はぎ 
小豆 が 好き な 人 の おやつ 	ぜんざい 
小豆 が 好き な 人 の おやつ 	お はぎ 
きな粉 が 食べ たい 時 の おやつ 	きな粉 おはぎ 
きな粉 が 食べ たい 時 の おやつ 	団子 
餅 が 好き で お腹 いっぱい に なり たい 時 の おやつ 	梅ヶ枝 餅 
簡単 に 作れ て 沢山 食べ たい 	ハヤシ ライス 
ガッツリ 食べ たい 	グラタン 
クリーム ソース が 食べ たい 時 	グラタン 
お 米 と 一緒 に 辛い もの が 食べ たい 	辛子 明太 子 
スペイン 料理 が 食べ たい 	パエリア 
片手 で 食べれる ジャンク フード 	ホット ドック 
肉 が 食べ たい 気分 	ハンバーグ 
もう 一 品 付け たい 時 	海老 フライ 
満足 感 が 得 られる 	ビーフ シチュー 
沢山 食べ たい 	クリーム シチュー 
揚げ物 が 食べ たく て 和食 	天ぷら 
食欲 が あまり ない 時 つるっ と 食べれる 	うどん 
食欲 が ない 時 食べれる 	そうめん 
大根 が 沢山 食べ たい 煮物 	ぶり 大根 
大根 が 沢山 食べ たい 	ふろふき 大根 
朝ご飯 に 食べ たい 	納豆 
朝ご飯 に お 米 と 食べ たい 	卵かけ ご飯 
がっつり 揚げ物 で 肉 	とん かつ 
いつ も と 違う 夕ご飯 	お好み焼き 
大 人数 で ワイワイ 食べ たい 	もん じゃ 
大阪 名物 	お好み焼き 
大阪 名物 	たこ焼き 
いつ も と 違う お 米 	炊き込み ご飯 
あと 一 品 足り ない 時 の 和食 料理 	茶碗 蒸し 
お 寿司 と 一緒 に 食べ たい 	茶碗 蒸し 
二 日 酔い の 時 	お 茶漬け 
食欲 が ない 時 	お 茶漬け 
トマト が 食べ たい 時 の イタリアン 	ナポリタン 
寒い 日 に スープ が 飲み たい 	コーン ポタージュ 
和風 で イタリアン 	たら こ パスタ 
辛い もの が 食べ たい 時 の イタリアン 	ペペロンチーノ 
満足 感 が 得 られる 肉 と キャベツ 料理 	ロール キャベツ 
卵 料理 で ガッツリ 食べ たい 	キッシュ 
1 月 に 食べ たい 	おせち 
2 月 に 食べ たい 	恵方 巻き 
3 月 に 食べ たい 	ちらし寿司 
4 月 に 食べ たい 	ロール キャベツ 
7 月 に 食べ たい 	うなぎ 
8 月 に 食べ たい 	冷やし 中華 
9 月 に 食べ たい 	栗ご飯 
10 月 に 食べ たい 	パンプキン パイ 
11 月 に 食べ たい 	ビーフ シチュー 
12 月 に 食べ たい 	タ ー キー レッグ 
胃 が 疲れ た 時 	お 粥 
野菜 と 一緒 に 食べ たい 	しゃぶしゃぶ 
時間 が ある 時 の 優雅 な 朝ご飯 	フレンチ トースト 
ホテル の モーニング 	スクランブル エッグ 
とにかく 中華 料理 が 食べ たい 	麻婆 豆腐 
中国 に 行っ た 気分 に なれる 	火鍋 
ベーシック な 洋食 	ハンバーグ 
暑い の で サッパリ 	そうめん 
節分 の ご飯 	恵方 巻き 
クリスマス の ご 馳走 	フライド チキン 
長野 を 感じ たい 	野沢 菜 の お やき 
辛い の ガッツリ 食べ たい 	チゲ 鍋 
早く 起きれ た から ゆっくり 朝ごはん を 食べれる 	目玉 焼き 
寝坊 し た から 急い で ご飯 	お にぎり 
朝ごはん の 定番 の お とも 	納豆 
お腹 の 調子 が 良く ない 	納豆 
やる こと が 何 も 終わら ない 日 	お にぎり 
今日 は パン を 食べ たい 気分 	メロン パン 
ポケモン シール 欲しい な 	蒸し パン 
柔らかい パン を 食べ たい 	蒸し パン 
季節 の 風味 を 感じ れる パン を 食べ たい 	蒸し パン 
友達 の 家 で 女子 会 	チゲ 鍋 
辛い もの好き な 友達 と 鍋 食べる 	チゲ 鍋 
あつあつ の 刺激 つ よめな ご飯 	チゲ 鍋 
辛い 系 で 野菜 も 食べ たい 	チゲ 鍋 
こんにゃく 食べ たい 	お でん 
寒い から とにかく あったまり たい 	お でん 
いろいろ な 具材 と 合わせ て 食べれる 汁物 	お でん 
たまに は 屋台 で 食べ て 帰り たい 	お でん 
挑戦 し て み たい 料理 	タイ 料理 
野菜 を 摂取 し たい けど 野菜 を 食べる 気分 じゃ ない 	野菜 スムージー 
バイト 終わり 	水 ゼリー 
眠い 	パピ コ ( チョコ コーヒー ) 
夏 に 運動 し て 汗 を かい た 後 さっぱり し たい 	そうめん 
牛乳 を 消費 し たい 	クリーム シチュー 
暑い さっぱり 	パピ コ ( ホワイト サワー ) 
部活 の 前 に 適度 に ご飯 たべ たい 	そうめん 
運動 し た 後 で 食欲 が 旺盛 	豚丼 
寝 ながら 	パピ コ ( チョコ コーヒー ) 
冬 の 部活 帰り 	コンビニ の 肉まん 
夏 の 部活 帰り 	パピ コ ( チョコ コーヒー ) 
腸内 環境 を 良く し たい 	納豆 キムチ 
ちくわ ぶ を 食べ たい 	お でん 
アイス を 食べ たい 	パピ コ ( チョコ コーヒー ) 
血液 を サラサラ に し たい 	玉ねぎ 
夏 に 公園 で 遊ん でる 時 ちょっと 休憩 し たい 	クーリッシュ ( バニラ ) 
プール 帰り 	アイス 
友達 と シェア し たい 	パピ コ ( チョコ コーヒー ) 
豪快 に いき たい 気分 	ステーキ 
シナモン を 摂取 し たい 	シナモン ロール 
ちょこっと 食べ たい 	パピ コ ( チョコ コーヒー ) 
汗かき たい 	キムチ 鍋 
汗かき たく ない 	パピ コ ( チョコ コーヒー ) 
流行 って そう な もの を 食べ たい 	シカゴ ピザ 
グリコ 応援 し たい 	パピ コ ( チョコ コーヒー ) 
クセ が 強い もの 食べ たい 	パクチー 
腸内 環境 を 良く し たい 	納豆 キムチ 
体調 を 良く し たい 	納豆 キムチ 
肌荒れ を 治し たい 	納豆 キムチ 
クセ が 強い もの 食べ たい 	パクチー 
台湾 の 気分 	パクチー 
納豆 と 合わせ たい 	パクチー 
エスニック な もの 食べ たい 	パクチー 
ちょっと 辛い もの が 食べ たい 	カレー ライス 
タンパク 質 多め の 日本 食 	焼き魚 定食 
イタリアン で こってり し た もの 	カルボナーラ 
甘い ランチ 	フレンチ トースト 
友達 と ワイワイ 食べる 	ピザ 
小腹 が すい た 隙間 時間 	お にぎり 
パン 系 で 軽め に 食べ たい 	サンドウィッチ 
お腹 に 優しい もの が いい な 	お 粥 
疲れ が 取れ て 温まる もの 	薬膳 鍋 
温かい 麺類 食べ たい けど 野菜 も 摂取 し たい 	ちゃんぽん 
ガッツリ お 肉 食べ たい 	ステーキ 
脂質 低め で 贅沢 な お 食事 食べ たい 	お 寿司 
パクチー 入っ て て 手軽 に 食べれる もの 	バインミー 
お 金 ない けど 牛肉 食べ たい 	牛丼 
エスニック で 糖質 少なめ が いい な 	バインセオ 
暑い の で さっぱり 冷たい もの が 食べ たい 	ざる そば 
身体 が 温まる 洋食 	クリーム シチュー 
北海道 の 風 を 感じ たい 	ジンギスカン 
こってり 系 で 楽しく 食べれる もの 	串カツ 
魚 系 で 非 日常 感 ある 贅沢 し たい 	うな重 
いろんな 種類 の 魚介 楽しみ たい 	海鮮 丼 
ワイン に 合っ て 軽く 食べれる もの 	フラムクーヘン 
甘辛 な チキン 	ヤンニョムチキン 
肉汁 たっぷり な メイン 	ハンバーグ 
キャベツ と 合わせ て お 肉 食べ たい 	生姜 焼き 
ハワイ 気分 に なれる 	ロコモコ 
真冬 に こたつ で あったまり たい 	お でん 
熱く て 辛い もの 食べ て スッキリ し たい 	火鍋 
童心 に 帰り たい 	お 子 様 ランチ 
ヘルシー に 豚肉 食べ たい 	しゃぶしゃぶ 
チーズ 入っ てる お 米系 	ドリア 
サラッ と 食べれる ねばねば 系 	とろろそば 
インパクト ある 魚介 料理 	ロブスター 
軽く 鶏肉 食べ たい 	焼き鳥 
濃いめ の 味付け で 豚肉 食べ たい 	豚丼 
試合 前 の 勝負 飯 	カツ 
食欲 ない けど さらっ と 食べ たい 	お 茶漬け 
安く 素早く たべれる 麺類 	ラーメン 
子供 と 一緒 に 思いっきり お腹 を 満たす 	焼肉 
ケチャップ と 一緒 に 卵 料理 	オムライス 
朝ごはん 簡単 に 済ま せ たい 	卵かけ ご飯 
レモン サワー に あう 揚げ物 	唐揚げ 
ひな祭り の ごはん 	ちらし寿司 
みんな で ワイワイ チーズ 系 	チーズ フォンデュ 
野菜 たくさん 取れる 韓国 料理 	ビビンバ 
スパイス の きい て いる もの 	カレー ライス 
台湾 な 感じ で お 肉 食べ たい 	ルーロー 飯 
身体 が あったまる 手軽 に 食べれる もの 	肉まん 
野菜 も お 肉 も 食べ たい 	野菜 炒め 
暑い の で 身体 を 冷やす 麺 料理 が いい な 	冷やし 中華 
すごく 甘い もの 食べ たい 	パンケーキ 
身体 の 冷え と 疲労 感 に 効く もの 食べ たい な 	参鶏湯 
給食 で 食べ て た 懐かしい もの 	揚げ パン 
すごい お腹 すい た から お 肉 食べ たい 	ハンバーグ 
秋 の オ ススメ の 魚 は ？ 	秋刀魚 の 塩焼き 
大 人数 で シェア し たい 	ピザ 
お 祭り の 屋台 の 定番 メシ 	焼きそば 
大通 公園 で 食べ たい 	焼き トウキビ 
みんな で ワイワイ 作っ て 食べ たい 	たこ焼き 
眠れ ない 夜 に 	ホット ココア 
アメリカン な 飲み物 	コーラ 
生魚 が 食べ たい 	お 寿司 
新鮮 な お 魚 が 食べ たい 	お 寿司 
日本 の 伝統 食 が 食べ たい 	お 寿司 
酢飯 が 食べ たい 	お 寿司 
流行り の スイーツ が 食べ たい 	カヌレ 
セブン で 美味しい もの が 食べ たい 	からあげ 棒 
ファミマ で 美味しい もの 	ファミチキ 
ローソン で 美味しい もの 	冷凍 の 馬刺し 
こんにゃく 料理 	こんにゃく ステーキ 
お 寿司 に 合う 食べ物 	茶碗 蒸し 
手軽 に 焼き魚 が 食べ たい 	焼き 鯖 おにぎり 
甘く て ほっと する スープ が 飲み たい 	コーン スープ 
うち の オ カン が 好き な 朝ごはん 	コーンフレーク 
朝 から 楽 し て 腹 を 満たし たい 	コーンフレーク 
中華 な 気分 	天津 炒飯 
タカノ さん が よく 作る やつ 	ほうれん 草 の おひたし 
名古屋 名物 	ひつまぶし 
大 親友 の 彼女 の 連れ が 作り そう な 食べ物 	パスタ 
定番 の メキシコ 料理 	タ コス 
頭 を 冷やし たい 気分 	アイス クリーム 
コンビニ の おにぎり は 少し 飽き ちゃっ た 	海苔巻き 
温かく て 美味しい やつ 	もつ鍋 
パワー が 欲しく て ガッツリ 	餃子 
疲れ て 何 も し たく ない 	アルコール 
お腹 すい たぁ 、 沢山 食べ たい よぉ 	焼肉 
クリーム 系 の あったかい もの 	クリーム シチュー 
あまり の 食材 で 何 を たべよう か な 	もん じゃ 
アメリカ から 来 た 友達 と 日本 食 	お 寿司 
クリーム たっぷり と 甘い もの で お腹 を 満たし たい 	パンケーキ 
小腹 が 空い た 時 に 食べ たい 	ゆでたまご 
秋 を 感じ たい 	栗ご飯 
春 を 感じ たい 	筍 ご飯 
夏 を 感じ たい 	冷やし 中華 
冬 を 感じ たい 	クリーム シチュー 
ネバネバ し てる やつ 	オクラ 
ネバネバ し てる やつ 	納豆 
ネバネバ し てる やつ 	とろろ 
ネバネバ し てる やつ 	めかぶ 
小腹 が 空い た 時 に 食べ たい 	納豆 
小腹 が 空い た 時 に 食べ たい 	干し芋 
小腹 が 空い た 時 に たべ たい 	ビスケット 
魚 も ご飯 も いっぱい たべ たい 	海鮮 丼 
せっかく の 築地 で の お 昼 	海鮮 丼 
資料 作成 が 終わっ て ない けど 、 ご飯 は 食べ たい 	お にぎり 
今日 の 朝 は パン で 、 昼 は カレー ライス 、 夜 は ？ 	焼きそば 
暑い 夏 に 屋台 で ごはん 	焼きそば 
ジャンキー な もの 食べ たい 	フライド チキン 
頑張っ た 一 週間 の ご 褒美 	お 寿司 
胃腸 が 疲れ てる な 	お かゆ 
疲れ 切っ てる の で 元気 に なれる もの 食べ たい 	ハンバーグ 
貧血 気味 	カツオ の たたき 
矯正 の メンテナンス し た 直後 だ から 柔らかい もの 食べ たい 	卵 がゆ 
スタミナ つく ごはん 	餃子 
減量 し なきゃ 	サラダ チキン 
罪悪 感 の 少ない 夜食 	雑炊 
秋 の 味覚 	さん ま 
おしゃれ な モーニング 	フレンチ トースト 
友達 と カフェ で ごはん 	フレンチ トースト 
暑い 日 に サッパリ し た もの 	冷しゃぶ 
寒い 冬 の 日 に 食べ たい 	グラタン 
卵 の 気分 	オムライス 
お 米系 で 贅沢 な もの 食べ たい 	うな重 
大阪 で 食べる べき もの 	たこ焼き 
野菜 不足 が 深刻 だ な 	ミネストローネ 
タンパク 質 豊富 な タイ 料理 食べ たい 	カオマンガイ 
刺激 強め の もの 食べ たい 	火鍋 
下町 っぽい もの 	もん じゃ 
魚介 の 旨味 を 感じ られる お 米系 の もの 	パエリア 
あきのぶ さん と 食べ たい 	飲茶 
仙台 に 来 たら 	牛タン 
お 出汁 の 旨味 を 感じ たい 	出汁 茶漬け 
幸せ な 気分 に なり たい 	お 寿司 
パリパリ 食感 を 感じ たい 	グミッツェル 
疲れ た から ジャンキー な もの 	韓国 チキン 
いい 女 風 の 軽い ランチ 	サラダ ラップ 
和食 で 食感 を 楽しみ たい 	いくら 丼 
夜 に 罪悪 感 を 感じ たい 	家系 ラーメン 
ストレス を 発散 し たい 	激辛 ラーメン 
身体 動かし た 後 に 食べ たい 	酢 多め の ちゃんぽん 
夏バテ し て 何 も 食べ たく ない 	冷しゃぶ 
大阪 王将 で 食べ たい やつ 	ふわとろ 天津 飯 
お 米 メイン で スパイシー 	ビ リヤ ニ 
短 時間 で パッ と 食べれる もの 	サンドウィッチ 
お腹 が すい た ジャンク 	ピザ 
やる気 の ない 昼食 	チャーハン 
疲れ た から 甘い もの 食べ たい 	スイート ポテト 
お 手軽 で 安い 昼ごはん 	マック 
マック の 主食 	ポテト 
アジア 料理 の 後 の デザート 	杏仁 豆腐 
今日 は 特別 な 日 だ な 。 	ハンバーグ 
しっかり 食べ て 、 パワー チャージ し た 	トンカツ 
真冬 に お 家 で あっ た かいもの 食べ たい 	クリーム シチュー 
兄 が 帰っ て き た から 、 ご飯 を つくっ て あげる 	トンカツ 
長崎 の 風 を 感じ たい な 。 	ちゃんぽん 
たっぷり 野菜 と 麺 	ちゃんぽん 
スタミナ が つく 、 和食 が 食べ たい な 	生姜 焼き 定食 
午後 の 授業 眠たく なり たく ない 	カレー ライス 
１ 限 の 前 に 簡単 な 朝ごはん 	お にぎり 
サクッ と に 中華 料理 を あじわい たい 	餃子 
護国寺 で 美味しい 和 菓子 が 食べ たい な 	豆 大福 
京都 で 美味しい お 土産 に なる もの 	八 つ 橋 
体調 悪い とき に たべる ご飯 	うどん 
冷たく て 、 甘い もの が 食べ たい 	かき氷 
お腹 に 優しい 食べ物 	ヨーグルト 
眠い 	コーヒー ゼリー 
いつ も 	ラーメン 
がっつり し た サンドイッチ が 食べ たい 	カツ サンド 
バスケ 部 の 思い出 の 味 	ドリア 
学食 	醤油 ラーメン 
お 母 さん の 暖か さ を 感じ たい 	味噌 汁 
後輩 と 一緒 に カフェ に ご飯 を 食べ に 行く 	フレンチ トースト 
時間 が ない 、 栄養 欲しい 	お にぎり 
野菜 	トマト 
家族 で 楽しく 	鍋 
お 昼過ぎ に 甘い もの が たべ たい 	フレンチ トースト 
寒い 日 に 温まり たい 	鍋 
暑い 	パピコ 
汗 を ひたすら に かき たい 	薬膳 鍋 
クリーム たっぷり 、 フルーツ たっぷり で かわいい 	フレンチ トースト 
忘年 会 で ビール と 一緒 に 食べる 	もつ鍋 
写真 映え する スイーツ が 食べ たい 	クリーム サンド 
野菜 嫌い で も 野菜 を 食べ たい 	味 噌鍋 
残り の 食材 と キャベツ を たっぷり 食べ たい 	もん じゃ 
和食 も 食べ たい し 、 洋食 も 食べ たい 	醤油 ステーキ 
打ち上げ で 鉄板 焼き を 食べ たい 	お好み焼き 
お 父 さん と 二人 で お 留守 番 の 日 に 食べる ごはん 	牛丼 
目 で も 舌 で も 美味しい を 味わい たい 	シカゴ ピザ 
安く 、 お 肉 も ごはん も たべ たい 	牛丼 
ご 当地 の 味 を 食べ比べ し たい 	ラーメン 
暑く て 疲れ た 	冷しゃぶ 
友達 の 誕生 日 パーティー に デリバリー できる もの 	ピザ 
友達 の 家 で 頼む もの 	韓国 チキン 
ポケモン の シール 集め たい 	ポケモン パン 
ネバネバ 	納豆 
友達 を 仲良く なり たい 	お好み焼き 
朝 	トースト 
友達 と 仲良く なり たい 	たこ焼き 
とろろ って 何 と 食べる の ？ 	牛タン 
先生 から の ご 褒美 で 嬉しかっ た もの 	アイス 
おしゃれ で ヘルシー な もの 	サラダ バー 
せっかく だ から 、 海 で ごはん 食べ たい 	海鮮 丼 
色々 な お 刺身 たべ たい 	海鮮 丼 
カフェ で ランチ 	パスタ 
たくさん の 旬 の 食材 で なに か 作り たい 	炊き込み ご飯 
こども の 日 の パーティー メニュー 	ポーク ソテー 
子ども の 日 に 洋風 食べ たい 	ハンバーグ 
子ども と 一緒 に 簡単 に 作り たい 	手巻き 寿司 
ファミレス で デザート 食べ たい 	パフェ 
兄 と ご飯 に 行く なら どこ 	トンカツ 
お 父 さん と 母 の 日 に ご飯 つくる 	餃子 
今日 雨 降っ て て 、 ジメジメ する 	冷やし 中華 
梅雨 の 季節 は 嫌い 	冷やし 坦々 麺 
夏 野菜 を 使っ た 料理 食べ たい 	ゴーヤ チャンプル 
暑い から キッチン に 長く いれ ない 	キーマ カレー 
夏 に みんな で たべ たい 	そうめん 
体育 館 に 向かう 前 に 何 か 食べ たい 	そうめん 
暑 さ に 勝ち たい 	レバニラ 
にんにく で スタミナ つけ たい 	餃子 
父 の 日 に がっつり お 肉 	すき焼き 
ダイエット 中 の お 父 さん へ 料理 作っ て あげ たい 	五 宝 菜 
今日 は 七夕 の 日 、 麺 食べ たい 	そうめん 
そうめん の 付け合わせ の お すすめ 	豚しゃぶ サラダ 
お じい ちゃん と 久し ぶり に ごはん 	そば 
お ばあ ちゃん の 料理 たべ たい 	きんめ だい の 煮付け 
夏バテ に 勝ち たい 	うな重 
７ 月 に 入っ た から スタミナ つけ たい 	うな重 
自分 に ご 褒美 	すき焼き 
家族 で お 祝い 	すき焼き 
手軽 に サクッ と ランチ 	サンドウィッチ 
季節 の フルーツ 食べ たい 	フルーツ タルト 
ハロウィン らしい たべもの 	かぼちゃ グラタン 
冬 に お すすめ の 煮込み 	ロール キャベツ 
大根 つかっ た 和風 料理 	ぶり 大根 
クリスマス の 本格 料理 	ロースト ビーフ 
何 も 食べる 気 が し ない 日 	お 粥 
ご飯 食べる 気 に なれ ない 	お 粥 
寒い 日 の 学校 終わり 	肉まん 
帰り道 に あったかい もの 食べ たい 	肉まん 
簡単 卵 料理 	玉子焼き 
彩 寂しい とき の もう 一 品 	玉子焼き 
ほくほく な 和食 	肉じゃが 
味 が しみこん だ もの 食べ たい 	肉じゃが 
麺 と 相性 良い もの 	天ぷら 
甘 じょ っ ぱい 鍋 	すき焼き 
なん か 椎茸 食べ たい 気分 	すき焼き 
お 米 を 洋風 に 食べ たい 	オムライス 
ガッツリ かぶりつい て 食べ たい 	フライド チキン 
ピリ辛 い 味 の 中華 料理 	エビチリ 
味付け 濃い 麺 が 食べ たい 	焼きそば 
見 た 目 も 綺麗 な フレンチ 	テリーヌ 
デミグラス ソース 味 食べ たい し 、 あったまり たい 	ビーフ シチュー 
タカノ さん が 最近 習得 し た やつ 	オクラ の おかか 和え 
海鮮 が 食べ たい 	カルパッチョ 
ベトナム を 感じ たい 	生 春巻き 
こってり し た 麺類 	油そば 
サラッ と 食べれる 和食 っぽい の 	お 茶漬け 
みんな で 楽しく 海鮮 	手巻き 寿司 
珍しい インド 料理 	ビ リヤ ニ 
夜中 に お腹 が 空い た から 軽く 食べ たい 	お 茶漬け 
体調 が 回復 し た とき に 食べる ご飯 	納豆 巻き 
休日 の お 昼 を 考え たく ない 	納豆 巻き 
ジューシー さ たっぷり が いい な 	唐揚げ 
誕生 日 会 の ご飯 どうし よう 	ピザ 
ガッツリ お 肉 食べ たい 	牛タン 
みんな で ワイワイ 食べれる 鉄板 焼き 系 	もん じゃ 
変わっ た 料理 	タ コス 
暑い 、 疲れ た 	冷やし 中華 
しょっぱ め の 肉 	焼き鳥 
ご飯 と 卵 の 料理 	TKG 
ガッツリ お腹 いっぱい 卵 料理 	オムライス 
高級 な 日本 の ご飯 	筍 ご飯 
濃厚 な サラダ 	シーザー サラダ 
イタリアン サラダ 	生 ハム サラダ 
韓国 サラダ 	チョレギ サラダ 
日本 の サラダ 	和風 サラダ 
中華 サラダ 	春雨 サラダ 
トマト が 沢山 食べ たい 	トマト 鍋 
女子 会 で 鍋 	豆乳 鍋 
スペイン 料理 で お つまみ 	アヒージョ 
貝類 で 日本 食 	あさり の 味噌 汁 
お腹 ぺこぺこ で 倒れ そう 	牛丼 
ガッ ツい て 食べ たい 	タ ー キー レッグ 
お 子 様 ランチ 	チキン ライス 
暑く て 喉 が 渇い た 	アイス クリーム 
暑く て 贅沢 に 美味しい もの 食べ たい 	ピスタチオ ジェラート 
お 酒 の つまみ 	ピスタチオ 
お 酒 の つまみ 	生 ハム 
お 酒 の つまみ で チーズ 	カマンベール チーズ 
お 酒 の つまみ で がっつり 	焼き鳥 
お 酒 の つまみ で お 肉 	砂肝 
お 酒 の つまみ で 干物 	帆立 の 貝柱 
お 酒 の つまみ で 甘い もの 	チョコレート 
お 酒 の つまみ で さっぱり 	漬物 
お 酒 の つまみ で お洒落 な やつ 	燻製 
ダイエット し てる ランチ 	ささみ と ブロッコリー サラダ 
とにかく 痩せ たい ご飯 	ブロッコリー と ささみ サラダ 
何 か 頑張っ た 時 の ご 褒美 夕ご飯 	すき焼き 
ご 褒美 ディナー 	ステーキ 
ひと 工夫 加え た お 米 	焼きおにぎり 
王道 ピザ 	マルゲリータ 
疲れ た けど お腹 すい た 	宅配 ピザ 
バジル たっぷり パスタ 	ジェノベーゼ 
綺麗 な 見 た 目 で 和食 	巻き寿司 
光り物 の お 寿司 	鯖 の バッテラ 
とにかく 頑張っ た 時 の 贅沢 ご飯 	焼肉 
甘い 気分 で 栗 が 好き 	モン ブラン 
甘い 気分 で ケーキ が 食べ たい 	ショート ケーキ 
甘い 気分 の 豪華 な ケーキ 	フルーツ タルト 
ガッツリ 食べ たい 美味しい パン 	明太 子 フランス 
ご 褒美 ご飯 で ガッツリ 揚げ物 	唐揚げ 
滅多 に 食べ ない けど 美味しい 日本 食 	ちらし寿司 
スパイス が 効い てる ガッツリ 王道 ご飯 	カレー 
あと もう 一 品 追加 で 食べ たい 	稲荷寿司 
ガッツリ し た 韓国 料理 	石焼 ビビンバ 
子供 が 好き な おやつ 	りんご 
夏 の 暑い 日 に 食べ たい 	かき氷 
美味しい 鶏肉 料理 	つくね 
ガッツリ 食べ たい 揚げ物 	コロッケ 
お やつ に 揚げ物 	サラダ コロッケ 
お やつ に 揚げ物 	サーターアンダギー 
肉 料理 で 揚げ物 	メンチカツ 
お 酒 が 入っ た お 菓子 	ラムレーズンサンド 
小腹 が 空い た 時 食べ たい おやつ 	羊羹 
小腹 が すい た 時 食べ たい おやつ 	もなか 
屋台 に ある 麺 の ご飯 	焼きそば 
仕事 の 合間 に ちょっと 摘み たい お 菓子 	チョコ チップ クッキー 
一休み し たい 時 摘み たい 	せんべい 
ガッツリ 食べ たい 鶏肉 料理 	親子 丼 
食欲 が ない 時 に スルッ と 食べ たい 	そば 
ガッツリ お腹 すい た 時 の 麺 	油そば 
濃厚 な 重い 麺 	味噌 ラーメン 
はち切れ そう な 位 お腹 いっぱい に なり たい 時 	二郎 系 ラーメン 
美味しい 麺 料理 	ちゃんぽん 
野菜 も 食べ たい し 肉 も 食べ たい なぁ 	タ コライス 
食べ歩き で 肉 を 食べ たい 	タ コス 
臭い の が 癖 に なる 沖縄 料理 	ゴーヤ チャンプル 
麺 の 美味しい 韓国 料理 	チャプチェ 
海老 が 沢山 食べ たい 中華 料理 	エビチリ 
海老 が 沢山 食べ たい 中華 料理 	エビ マヨ 
サラッ と 食べ たい デザート 	杏仁 豆腐 
海鮮 たっぷり な 中華 料理 	上海 焼きそば 
ご飯 が 何 倍 で も 食べれる 中華 料理 	麻婆 豆腐 
ナス が 沢山 食べ たい 中華 料理 	麻婆 茄子 
贅沢 な ガッツリ 中華 料理 	北京 ダック 
中華 の おやつ 	ごま 団子 
エビ と ご飯 の 中華 料理 	エビ チャーハン 
野菜 が 食べれる 中華 料理 	高菜 炒飯 
とろとろ な 麺 料理 	あんかけ 焼きそば 
とろとろ な 炒飯 	あんかけ 炒飯 
野菜 も 食べれ て ガッツリ 中華 料理 	中華 丼 
夏 に 辛い スッキリ 中華 料理 	坦々 麺 
サラッ と 食べれ て 夏 に 嬉しい 麺 料理 	冷麺 
ガッツリ 野菜 が 沢山 食べ たい 	回鍋肉 
体育 祭 の 打ち上げ で ご飯 	焼肉 
大会 後 に みんな で ご飯 に いき たい 	焼肉 
いっぱい たべ て 、 気合い を 入れ たい 	焼肉 
文化 祭 後 に みんな で たべる 	鉄板 焼き 
みんな で 囲ん で ご飯 を 食べる 	鉄板 焼き 
下町 で 懐かしい 味 を 食べ たい 	鉄板 焼き 
暑い けど さっぱり お 肉 食べ たい 	冷しゃぶ 
ポン酢 と 一緒 に 食べれる もの 	しゃぶしゃぶ 
ご まだれ と 一緒 に 食べれる もの 	しゃぶしゃぶ 
韓国 好き な 人 と 美味しい お 米 料理 食べ たい 	石焼 ビビンバ 
焼肉 と 合わせ て ご飯 も 食べ ちゃい たい 気分 	石焼 ビビンバ 
がっつり お 米 食べ たい けど 、 野菜 も 少し 食べ たい 	高菜 炒飯 
テレビ で 早稲田 特集 し て た 	油そば 
油っこく 麺 食べ たい 	油そば 
コンビニ で プチ ご 褒美 	スイート ポテト 
頑張っ た から 甘い もの 食べ たい 	スイート ポテト 
さつま いも で お 菓子 作り たい 	スイート ポテト 
秋 らしい ご飯 を 食べ たい 	栗ごはん 
栗 たべ たい な 	栗ご飯 
お 正月 に 栗 食べ たい 	栗 きんとん 
サクサク で ホクホク な もの 	コロッケ 
ジャガイモ を アレンジ し て 食べ たい 	コロッケ 
お 家 で 楽しむ 中華 料理 	餃子 
ラーメン だけ じゃ も のたり ない 	餃子 
炒飯 に プラス し て 食べれる もの 	餃子 
ご飯 に 合う お 豆腐 を 使っ た 料理 	麻婆 豆腐 
お 豆腐 を 食べれる 中華 料理 	麻婆 豆腐 
ホクホク で 美味しい もの 	肉じゃが 
ホクホク な 家庭 料理 	肉じゃが 
優しい 味つけ 料理 	肉じゃが 
食べ て 幸せ な 気分 に なれる 	フレンチ トースト 
食 パン を おしゃれ に 食べ たい 	フレンチ トースト 
蜂蜜 と 合わせ て パン を 食べる 	フレンチ トースト 
子ども の 日 の 夜ご飯 	オムライス 
ケチャップ で 文字 書き たい 	オムライス 
初めて 作る 料理 	カレー ライス 
忙しい 昼 に 作る 夜ご飯 	カレー ライス 
昨日 の カレー の 残り で 昼ごはん 	カレー うどん 
じゃがいも と にんじん を 食べ たい 	カレー ライス 
チーズ が とろーり し て いる 感じ 	いももち 
チーズ 味 の おやつ 	チーズ ケーキ 
トースター で 作れる お つまみ 	ちくわ の 磯部 焼き 
ちくわ を 美味しく 食べ たい 	ちくわ の 磯部 焼き 
お 弁当 に 入っ て いる おかず 	ちくわ の 磯部 焼き 
ハンバーガー の お とも に 	フライド ポテト 
たまに は 揚げ物 買っ て 帰り たい 	フライド ポテト 
ピザ パーティー に おまけ 	フライド ポテト 
やみつき に なる チキン 	ヤンニョムチキン 
ピリ辛 な 韓国 料理 	ヤンニョムチキン 
手 で がっつり 食べ たい 	ヤンニョムチキン 
新 大久保 で チーズ と 一緒 に 食べれる もの 	ヤンニョムチキン 
今日 は 帰り が 遅い けど ご飯 食べ たい 	お 茶漬け 
夜中 に 勉強 し て たら お腹 すい た 	お 茶漬け 
チーズ と お 米 食べ たい 	ドリア 
日本 食 の 代表 料理 	お 寿司 
少し 高級 な お 店 で 落ち着い て 食べ たい 	お 寿司 
なんに も やる気 が 出 ない 日 に 食べる ごはん 	唐揚げ 
甘酢 に 合う おかず 	唐揚げ 
暑い 日 に 目 が 覚める もの 	かき氷 
こってり 系 麺類 	ラーメン 
熱々 な 麺 食べ たい 	ラーメン 
チャーシュー と 相性 良い もの 	ラーメン 
タンパク 質 豊富 な 和食 	焼き魚 定食 
こってり 系 イタリアン 	カルボナーラ 
甘い 系 で ランチ 	フレンチ トースト 
大 人数 で 食べ たい 	ピザ 
短 時間 で さっ と 食べ たい 	お にぎり 
お腹 に 優しめ 	お 粥 
疲れ に 効く ご飯 	薬膳 鍋 
野菜 豊富 な 麺 系 	ちゃんぽん 
がっつり パワー つけ たい 	ステーキ 
贅沢 し たい 	お 寿司 
エスニック 系 	バインミー 
パクチー 入っ てる の 	フォー 
北海道 気分 	スープ カレー 
甘辛い やつ 	ヤンニョムチキン 
さっぱり ねばねば 系 	とろろそば 
桃 の 節句 だ な 	ちらし寿司 
ふわふわ し た やつ 	パンケーキ 
ノスタルジー に 浸り たい 	揚げ パン 
代表 的 な 日本 食 	寿司 
お 米系 で 贅沢 	海鮮 丼 
貧血 が ひどい 	レバニラ 炒め 
牛肉 手軽 に 食べ たい 	牛丼 
仙台 ！ 	牛タン 
エビ が 食べ たい 	エビチリ 
さっぱり 麺類 	冷麺 
体調 悪め か も 	お 粥 
明太 子 食べ たい な 	もん じゃ 
軽く 胃 に 優しい もの 食べ たい 	お でん 
野菜 不足 か も 	野菜 炒め 
ジャンキー な の 食べ たい 	フライド チキン 
卵 を 摂取 し たい 	オムライス 
贅沢 ご飯 	すき焼き 
パイ 生地 	コーニッシュパスティ 
お つまみ 健康 	塩 キャベツ 
トマト 系 歯ごたえ 	ラザニア 
誰 で も 食べ られる 	お にぎり 
簡単 	インスタント ラーメン 
日本 っぽい もの 	お 寿司 
ガッツリ 食べ たい 	肉 丼 
デート 	フレンチ コース 
お つまみ 美味しい 	アボカド 塩 昆布 あ え 
お つまみ おしゃれ 	オリーブ の 実 
ワン プレート 朝ごはん 	イングリッシュ ブレックファースト 
簡単 朝ごはん 	パンケーキ 
テイクアウト 冬 	お でん 
テイクアウト コンビニ 	肉まん 
健康 思考 	サラダ ラップ 
便秘 解消 	ヨーグルト 
痩せ たい 	こんにゃく 
片手 で 食べ られる 	ハンバーガー 
お やつ 	フライド ポテト 
ちょっと 食べ たい 	焼き鳥 
パプリカ が 沢山 食べ たい 	青椒肉絲 
ガッツリ し た 中華 料理 	餃子 
煮込み 料理 で ガッツリ 	豚 の 角煮 
ちょっと 贅沢 し たい 気分 	うな重 
いつ も と 少し 違う もの が 食べ たい 	インド カレー 
ダイエット し たい けど お腹 すい た 	生 春巻き 
お 母 さん の 味 	肉じゃが 
中華 料理 の 前菜 	棒 棒 鶏 
海老 が 好き 	エビ マヨ 
中華 料理 で ガッツリ 食べ たい 	天津 飯 
中華 料理 の スープ 	サンラータン 
お 弁当 に ちょっと 付け加え たい 	焼売 
肉 が ガッツリ 食べ たい 	ロースト ビーフ 
辛い もちもち し た 軽食 	トッポギ 
鶏肉 が ガッツリ 食べ たい 	チキン 南蛮 
ガッツリ 肉 の 韓国 料理 	サムギョプサル 
寒い 時 に コンビニ で 食べ たい 	お でん 
豚肉 が 食べ たい けど 野菜 も 食べ たい 日 	しゃぶしゃぶ 
ガッツリ ジャンク フード 	ビックマックセット 
鶏肉 の 揚げ物 	チキン ナゲット 
暑い 日 に 食べ たい 甘く て 冷たい 	キャラメル マキアート 
実家 に 帰り たく なる 煮物 	筑前 煮 
ひと 工夫 加え た スープ 	豚汁 
沢山 野菜 が 食べ たい 	豚汁 
正月 に 食べる 	おせち 
作る の が 大変 	おせち 
お腹 いっぱい に なる 汁物 	けんちん 汁 
お腹 いっぱい に なる 汁物 	豚汁 
青森 に 行っ た 気分 に なれる ガッツリ 鍋 	きりたんぽ 
甘く て ガッツリ し た もの 	ぜんざい 
お腹 いっぱい に なる おやつ 	お はぎ 
小豆 が 好き な 人 の おやつ 	ぜんざい 
小豆 が 好き な 人 の おやつ 	お はぎ 
きな粉 が 食べ たい 時 の おやつ 	きな粉 おはぎ 
きな粉 が 食べ たい 時 の おやつ 	団子 
餅 が 好き で お腹 いっぱい に なり たい 時 の おやつ 	梅ヶ枝 餅 
簡単 に 作れ て 沢山 食べ たい 	ハヤシ ライス 
ガッツリ 食べ たい 	グラタン 
クリーム ソース が 食べ たい 時 	グラタン 
お 米 と 一緒 に 辛い もの が 食べ たい 	辛子 明太 子 
スペイン 料理 が 食べ たい 	パエリア 
片手 で 食べれる ジャンク フード 	ホット ドック 
肉 が 食べ たい 気分 	ハンバーグ 
もう 一 品 付け たい 時 	海老 フライ 
満足 感 が 得 られる 	ビーフ シチュー 
沢山 食べ たい 	クリーム シチュー 
揚げ物 が 食べ たく て 和食 	天ぷら 
食欲 が あまり ない 時 つるっ と 食べれる 	うどん 
食欲 が ない 時 食べれる 	そうめん 
大根 が 沢山 食べ たい 煮物 	ぶり 大根 
大根 が 沢山 食べ たい 	ふろふき 大根 
朝ご飯 に 食べ たい 	納豆 
朝ご飯 に お 米 と 食べ たい 	卵かけ ご飯 
がっつり 揚げ物 で 肉 	とん かつ 
いつ も と 違う 夕ご飯 	お好み焼き 
大 人数 で ワイワイ 食べ たい 	もん じゃ 
大阪 名物 	お好み焼き 
大阪 名物 	たこ焼き 
いつ も と 違う お 米 	炊き込み ご飯 
あと 一 品 足り ない 時 の 和食 料理 	茶碗 蒸し 
お 寿司 と 一緒 に 食べ たい 	茶碗 蒸し 
二 日 酔い の 時 	お 茶漬け 
食欲 が ない 時 	お 茶漬け 
トマト が 食べ たい 時 の イタリアン 	ナポリタン 
寒い 日 に スープ が 飲み たい 	コーン ポタージュ 
和風 で イタリアン 	たら こ パスタ 
辛い もの が 食べ たい 時 の イタリアン 	ペペロンチーノ 
満足 感 が 得 られる 肉 と キャベツ 料理 	ロール キャベツ 
卵 料理 で ガッツリ 食べ たい 	キッシュ 
1 月 に 食べ たい 	おせち 
2 月 に 食べ たい 	恵方 巻き 
3 月 に 食べ たい 	ちらし寿司 
4 月 に 食べ たい 	ロール キャベツ 
7 月 に 食べ たい 	うなぎ 
8 月 に 食べ たい 	冷やし 中華 
9 月 に 食べ たい 	栗ご飯 
10 月 に 食べ たい 	パンプキン パイ 
11 月 に 食べ たい 	ビーフ シチュー 
12 月 に 食べ たい 	タ ー キー レッグ 
胃 が 疲れ た 時 	お 粥 
野菜 と 一緒 に 食べ たい 	しゃぶしゃぶ 
時間 が ある 時 の 優雅 な 朝ご飯 	フレンチ トースト 
ホテル の モーニング 	スクランブル エッグ 
とにかく 中華 料理 が 食べ たい 	麻婆 豆腐 
中国 に 行っ た 気分 に なれる 	火鍋 
ベーシック な 洋食 	ハンバーグ 
暑い の で サッパリ 	そうめん 
節分 の ご飯 	恵方 巻き 
クリスマス の ご 馳走 	フライド チキン 
長野 を 感じ たい 	野沢 菜 の お やき 
辛い の ガッツリ 食べ たい 	チゲ 鍋 
早く 起きれ た から ゆっくり 朝ごはん を 食べれる 	目玉 焼き 
寝坊 し た から 急い で ご飯 	お にぎり 
朝ごはん の 定番 の お とも 	納豆 
お腹 の 調子 が 良く ない 	納豆 
やる こと が 何 も 終わら ない 日 	お にぎり 
今日 は パン を 食べ たい 気分 	メロン パン 
ポケモン シール 欲しい な 	蒸し パン 
柔らかい パン を 食べ たい 	蒸し パン 
季節 の 風味 を 感じ れる パン を 食べ たい 	蒸し パン 
友達 の 家 で 女子 会 	チゲ 鍋 
辛い もの好き な 友達 と 鍋 食べる 	チゲ 鍋 
あつあつ の 刺激 つ よめな ご飯 	チゲ 鍋 
辛い 系 で 野菜 も 食べ たい 	チゲ 鍋 
こんにゃく 食べ たい 	お でん 
寒い から とにかく あったまり たい 	お でん 
いろいろ な 具材 と 合わせ て 食べれる 汁物 	お でん 
たまに は 屋台 で 食べ て 帰り たい 	お でん 
挑戦 し て み たい 料理 	タイ 料理 
野菜 を 摂取 し たい けど 野菜 を 食べる 気分 じゃ ない 	野菜 スムージー 
バイト 終わり 	水 ゼリー 
眠い 	パピ コ ( チョコ コーヒー ) 
夏 に 運動 し て 汗 を かい た 後 さっぱり し たい 	そうめん 
牛乳 を 消費 し たい 	クリーム シチュー 
暑い さっぱり 	パピ コ ( ホワイト サワー ) 
部活 の 前 に 適度 に ご飯 たべ たい 	そうめん 
運動 し た 後 で 食欲 が 旺盛 	豚丼 
寝 ながら 	パピ コ ( チョコ コーヒー ) 
冬 の 部活 帰り 	コンビニ の 肉まん 
夏 の 部活 帰り 	パピ コ ( チョコ コーヒー ) 
腸内 環境 を 良く し たい 	納豆 キムチ 
ちくわ ぶ を 食べ たい 	お でん 
アイス を 食べ たい 	パピ コ ( チョコ コーヒー ) 
血液 を サラサラ に し たい 	玉ねぎ 
夏 に 公園 で 遊ん でる 時 ちょっと 休憩 し たい 	クーリッシュ ( バニラ ) 
プール 帰り 	アイス 
友達 と シェア し たい 	パピ コ ( チョコ コーヒー ) 
豪快 に いき たい 気分 	ステーキ 
シナモン を 摂取 し たい 	シナモン ロール 
ちょこっと 食べ たい 	パピ コ ( チョコ コーヒー ) 
汗かき たい 	キムチ 鍋 
汗かき たく ない 	パピ コ ( チョコ コーヒー ) 
流行 って そう な もの を 食べ たい 	シカゴ ピザ 
グリコ 応援 し たい 	パピ コ ( チョコ コーヒー ) 
クセ が 強い もの 食べ たい 	パクチー 
腸内 環境 を 良く し たい 	納豆 キムチ 
体調 を 良く し たい 	納豆 キムチ 
肌荒れ を 治し たい 	納豆 キムチ 
クセ が 強い もの 食べ たい 	パクチー 
台湾 の 気分 	パクチー 
納豆 と 合わせ たい 	パクチー 
エスニック な もの 食べ たい 	パクチー 
ちょっと 辛い もの が 食べ たい 	カレー ライス 
タクシー に 乗る チャンス	終電 を 逃し た
再 放送 ある よ	見 たかっ た ドラマ を 見逃し た
電気 代 が えぐい ね	エアコン を 消し 忘れ た
たま に は 休憩 も 必要 だ よ	宿題 忘れ た
ライヴビューイング や 配信 を 待と う 。	チケット 売り切れ て た
係 の 人 に 正直 に 話そ う	チケット 忘れ た
でも その 食材 が 欠け て い て も 美味しい でしょ ？	食材 買い 忘れ た
それだけ 疲れ て い た ん だ よ	寝過ごし た
追いかけよ う ！ ！	犬 が 脱走 し た
逃し た 魚 は 大きい ぞ ！	魚 を 逃し た
心配 し て くれ てる ん だ ね	宿題 やっ た ? と 何 回 も 聞か れ て 鬱陶しい
汗 が べたべた する よ ね	暑 さ が 鬱陶しい
可愛い じゃ ない の	息子 が 遊び に 連れ て いけ と 鬱陶しい
大変 だ ね	セールス が 鬱陶しい
人 の 命 を 救っ て いる ん だ よ 。	サイレン が 鬱陶しい
言わ れ て いる うち が 華 だ よ	何 度 も 同じ 話 を し て き て 鬱陶しい
無視 しよ う	近所 の おばさん が 鬱陶しい
とりあえず 1 つ の 命令 を 実行 しよ う	次 から 次 へ と 命令 さ れ て 鬱陶しい
遮断 し ましょ う	連絡 よこせ と 鬱陶しい
消費 期限 が 大丈夫 なら 大丈夫 ！	賞味 期限 が 切れ て い た
靴 に 水 が 染み こむ でしょ ？ あたりまえ 体操 ～	水 溜り に 入っ た
マジ 萎える よ ねぇ	鳥 の フン が かかっ た
イヤ フォン で 遮断 し ましょ う	爆音 宣伝 トラック が 通り かかっ た
しんどい よ ね	満員 電車
なん そいつ	足 踏ま れ た
アポ なし でも 行ける っしょ ？	予約 し 忘れ た
タイミング 悪し だ ね	洗濯 物干し た 瞬間 雨 が 降っ て き た
ぴえん 越え て ぱおん	高級 パンケーキ 焦がし た
大丈夫 ？ ？	頭 が 痛い
痛い やつ やん ( T - T )	靴擦れ し た
は よ 寝 ！ ！	風邪 かも
痛い やつ やぁ	タンス の 角 に 足 の 小指 を ぶつけ た
ホットアイマスク 使い や	画面 を 見 すぎ て 、 目 疲れ た
頭痛 が 痛い って っ ！ あんた …	頭痛 が 痛い
一番 冷める やつ やん ！	ナルシスト
(-_-;)	ノンスタ 井上
…	狩野 英孝
荷物 を 置い て 家 に 財布 を 取り に 行き ましょ う 。	外食 し た 後 に 財布 が ない こと に 気付い た
えっ ？ ！ やばい やん ・ ・ ・	スマホ を 無くし た
充電 器 貸そ う か ？	スマホ の 充電 が 切れ た
千 円 貸す よ	改札 で お金 が ない こと に 気づい た
大切 な 物 だ から 是非 買っ て 欲しい な ～	レンジ が なく て 困っ た
〇 〇 線 なら 迂回 し て 行ける よ	電車 が 止まっ た
女子 は ねぇ …	トイレ が 混雑 し て い た
笑 笑	私服 で 会場 に 行っ たら 皆 スーツ だっ た
何 食べ た ん ？ ？	部屋 中 が ニンニク くさい
え え え え え え ぇ ！ ？ どんな 状況 ？ ？ ！	転ん で ズボン が 破け た
う わぁ ～ 痕 残ら なかっ た ？ ？	ミート ソース を こぼし た
あら まっ ！	逆 向き の 電車 に 乗っ た
三 戸 な つめ ちゃん だ ね ！	前髪 を 切り すぎ た
ハハハハハハ 笑	砂糖 と 塩 を 間違え た
やらかし た な	彼女 の 名前 を 呼び 間違え た
仕方 ない	人 の 名前 を 忘れ た
漫画 家 よ ！ ！ ！	食パン かじっ て 出かけ たら 角 で 人 と ぶつかっ た
それだけ 疲れ て い た ん だ よ 仲 が いい って	先輩 に対し 「 OK 」 と 返事 し て しまっ た
そんな とき も ある よ ね	勉強 の やる気 が 起き ない
あたい も …	メイク が 上手 に でき ない
分かり み が 深 いっ ！ ！ ！ ！	ダイエット を し たい の に 食べ て しまう
冬眠 の 季節 だ もん	寒い から 布団 から 出 たく ない
幸せ 者 や ねっ ！	推し の イベント が 多く て 楽しく て 仕方 ない
私 、 粒 あん 派	粒 餡 派 が 少数 で 辛い
食べ よっ ！ 食べ よっ ！	食べ たい もの が 多 すぎ て 辛い
いや いやいや ・ ・ ・ ！	モテ 期 で 辛い
いい ん じゃ ね ？	悩み が ない
レコ 大 に は 当選 し た ？	紅白 に 落選 し た
大丈夫 。 YouTube 見 ましょ う 。	手越 くん 、 卒業 し ちゃっ た
ミカン 缶 食べ て 元気 出し て	落ち た
次 は 間に合う よ 。	間に合わ なかっ た
私 にとって は あなた の 存在 は 十分 濃い よ 。	存在 が 薄く て 悲しい
実家 に 帰っ た だけ だ よ 。 また 帰っ て くる よ 。	かぐ や 姫 が 月 に 帰っ た
本人 が 決め た こと を 尊重 しよ う 。	卒業 ラッシュ で 悲しい
社会 人 に なっ たら 又 一人暮らし できる よ 。	1 人 暮らし が 終わっ て 悲しい
請求 しよ う ！	取っ て おい た プリン を 食べ られ た
練習 は 無駄 じゃ ない よ	甲子園 を 逃し た
Me , too	社会 人人 生 不安
できる よ ！	友達 できる か な
イケイケ どんどん	来週 、 面接 だ
私 も 分から ない ！ おそろい だ ね ！	全然 、 わから ない
貯金 箱 買お う	貯金 できる か な
貯金 箱 ある から 大丈夫 ！	お金 貯まる か な
いける っしょ ！	仕事 覚え られる か な
飲み ニケーション ！	同期 と 仲良く なれる か な
大丈夫 ！	てる のち ゃんいじけてないかな …
怒っ て なかっ た よ ！	てる の ちゃん の 名前 を 勝手 に 使っ た こと 怒っ てる か な …
笑 笑	裏 アカ が ばれ た
そんな とき も ある よ ね ！	いい ね が もらえ ない
気 に し ない 、 気 に し ない	SNS で 悪口 を 書か れ た
何 っ ？！？！？！	乗っ取ら れ た
その 方 が いい よ ！ 口 は 災い 元 だ から ！	思っ た こと を 気軽 に つぶ やけ ない とき が ある
そのうち 返信 来る よ ！	既 読無 視 さ れ た
こっち も 楽しも う ！	楽し そう な 投稿 が うらやましい
著作 権 侵害 だ ！ ！	勝手 に 写真 が 使わ れ た
設定 だ ね	LINE の 通知 が こ ない
どんな ギャグ ？ ？	ギャグ が 寒い
冬 だ ね ～	風 が 吹い て い て 寒い
どんな ポーズ ？ ？	ポーズ が 寒い
暖か そう な 服 を おすすめ しよ う 。	見 て い て 寒い
寒色 も 良い ぞ 。	服 の 色 が 寒 そう
暖かい 服 を 着せよ う	着 て いる 服 が 寒 そう
リアクション 芸人 か ！	冬 の 海 に 飛び込ん で い て 寒 そう
朝 まで 一緒 に 遊ぼ	終電 を 逃し た
見逃し 配信 ある よ	見 たかっ た ドラマ を 見逃し た
帰っ て き たら 部屋 暖かい ね	エアコン を 消し 忘れ た
雨 振ら なけれ ば 大丈夫	洗濯 物 しまい 忘れ た
今日 は 早く 帰ろ っ か	ドア の 鍵 を し 忘れ た
先生 に お願い し て み よ	課題 の 締め切り 忘れ て た
たぶん 大丈夫	賞味 期限 が 切れ て い た
それ は どん まい	水 溜り に 入っ た
それ も どん まい	鳥 の フン が かかっ た
難し すぎる って 先生 に 言っ ちゃお	課題 が 難し すぎる
それ は つらい	急 に 雨 が 降っ て き た
イヤ ホン 買っ ちゃお	イヤ ホン の 充電 が ない
そういう 日 も ある	寝坊 し た
かゆみ 止め ある よ	蚊 に 刺さ れ た
絆創膏 ある よ	靴擦れ し た
たくさん 寝 な	風邪 かも
それ は 痛い やつ	タンス の 角 に 足 の 小指 を ぶつけ た
早く 寝 な	画面 を 見 すぎ て 、 目 疲れ た
足もと 気 を つけ て	転ん だ
鏡 ある よ	目 に まつげ が 入っ た
皮膚 科 行こ	ニキビ でき た
一緒 に 探そ	スマホ を 無くし た
充電 器 買お	スマホ の 充電 が 切れ た
貸し て あげよ う	改札 で お金 が ない こと に 気づい た
貸し て あげよ う	財布 を 忘れ た
それ は 頑張れ	お金 が 全然 ない
わかる	志望 動機 が 特に ない
徹夜 だ ！ ！	課題 の 提出 日 まで 課題 を やる 日 が ない
それ は どん まい	ミート ソース を こぼし た
時々 ある よ ね	逆 向き の 電車 に 乗っ た
すぐ 伸びる よ	前髪 を 切り すぎ た
それ は どう しよう も ない	砂糖 と 塩 を 間違え た
ミルク ティー が 飲め ない 、 、	牛乳 買い 忘れ た
まさに 今 の 自分	課題 の 締め切り 間違え て た
あと の 予定 は ごめんなさい	予定 が ダブっ た
メイク 動画 の おすすめ ある よ	メイク が 上手 に でき ない
めっちゃ わかる	ダイエット を し たい の に 食べ て しまう
布団 出る 前 に 部屋 を 暖め て おく の いい よ	寒い から 布団 から 出 たく ない
いつも そう	課題 の やる気 が 出 ない
みんな そう	働き たく ない
あんまり 興味 ない	手越 くん 、 卒業 し ちゃっ た
何 に ？	落ち た
何 に ？	間に合わ なかっ た
課題 なんて そんな もん	課題 が 全然 でき ない
それ は 悲しい	ライブ の 抽選 落ち た
引退 し ない で ほしい	寺田 蘭 世 さん が 芸能 界 から 引退 し ちゃう
みんな ずっと い て	乃木坂 46 の 卒業 ラッシュ が すごい
たぶん 大丈夫	友達 できる か な
頑張れ	明日 、 面接 だ
なんとか なる よ	行き たい ところ に 就職 できる か な
たぶん ある	雇っ て くれる 会社 ある か な
そこ 気 に し なく て 大丈夫	いい ね が もらえ ない
ブロック し ちゃえ	SNS で 悪口 を 書か れ た
今度 遊ぼ	楽し そう な 投稿 が うらやましい
それ は 怒ろ う	勝手 に 写真 が 使わ れ た
誰 に でも ある	急 に 全て が めんどくさく なる とき が ある
迎え に 行っ て あげる よ	終電 を 逃し た
別 の 面白い ドラマ 見よ う	見 たかっ た ドラマ を 見逃し た
そんな とき も ある よ	エアコン を 消し 忘れ た
とりあえず 出し て おこ う	課題 を 提出 し 忘れ た
きっと 当日 券 が ある よ	ライブ の チケット 抽選 申し込み 忘れ た
もう 一 回 聞き に 行こ う	話 を 聞き 逃し た
まだ 食べ られる よ	賞味 期限 が 切れ て い た
あと で 靴 洗お う	水 溜り に 入っ た
それ は 最悪 だ ね	鳥 の フン が かかっ た
来年 頑張ろ う	単位 とれ なかっ た
もっと いい 人 いる よ	彼氏 に 振ら れ た
失敗 を 生かそ う	仕事 で 失敗 し た
ご 愁傷 様 です	身内 が 亡くなっ た
絆創膏 どうぞ	靴擦れ し た
薬 飲ん で 休ん で ね	風邪 かも
痛 そう	タンス の 角 に 足 の 小指 を ぶつけ た
目薬 ある よ	画面 を 見 すぎ て 、 目 疲れ た
整体 行こ う	体 が 痛い
大丈夫 ？	骨折 し た
歯医者 行こ う	歯 が 痛い
トイレ 行こ う	お腹 痛い
きっと 見つかる よ	スマホ を 無くし た
コンセント を 貸し て くれる お 店 に 行こ う ！	スマホ の 充電 が 切れ た
近く の ATM に いこ う	改札 で お金 が ない こと に 気づい た
あれ ま	家 の 鍵 を なくし た
働こ う	お金 が ない
生活 リズム を 整えよ う	寝 て いる とき 以外 眠い
コイン ランドリー いい よ	天気 が 悪く て 洗濯 物 が たまる
すぐ に 洗え ば 大丈夫	ミート ソース を こぼし た
早め に 気づい て よかっ た	逆 向き の 電車 に 乗っ た
それ も いい 感じ	前髪 を 切り すぎ た
まずい	砂糖 と 塩 を 間違え た
急い で 準備 しよ う	旅行 の 日にち を 間違え た
大きな けが が なく て よかっ た	自転車 で 転ん だ
たくさん 食べ られる ね ＾ ＾	料理 を 作り すぎ た
わたし も だ よ ～ 一緒 に 勉強 しよ う	メイク が 上手 に でき ない
食べ たい とき に 食べれ ば いい ！	ダイエット を し たい の に 食べ て しまう
分かる ～	寒い から 布団 から 出 たく ない
仲間 みつけよ う	就活 やる気 で ない
美容 師 の 友達 探す	美容 院 お金 かかり すぎ …
焦ら ず いこ ～	彼氏 が でき ない ！
時間 決め て やる	ずっと ゲーム を し て しまう
YouTube 始め た ね	手越 くん 、 卒業 し ちゃっ た
頑張っ て よかっ た と 思える 日 が 必ず くる よ	受験 落ち た
4 回 まで は セーフ	提出 期限 間に合わ なかっ た
その 人 見る 目 ない ね	振ら れ た
天国 で 見 てる よ	ペット が 死ん だ
２ 週 目 見る か	アニメ 完結 し た
気 に する こと じゃ ない	友達 に 趣味 否定 さ れ た
気 に する こと じゃ ない	友達 に 悪口 言わ れ た
バスト アップ し た ん じゃ ない ？	太っ た
コロナ だ から しょうが ない	バイト に 落ち た
一 度 は 経験 する 道	車 擦っ た
ポトフ に 変更 しよ う	カレー 作ろ う と 思っ た のに ルー が なかっ た
来年 に なれ ば 忘れる よ	スタバ の 新作 終わっ た
そんな こと ない よー ！	自分 だけ 可愛く ない
予行 練習 し て 話す 前 に 深呼吸 しよ う	人前 で うまく 話せ ない
一緒 に 遊ぼ う	一生 彼氏 が でき ない
可愛く 拗ねよ う ！	彼氏 が 元 カノ と 仲良い
堂々 と し てれ ば 大丈夫	お 申し出 受け た
もうすぐ 冬休み くる よ	夏休み 終わっ た
皮膚 科 行こ う ！	ニキビ でき た
一緒 に オンライン で みよ う ！	ライブ 落選 し た
次 気 を つけよ う	仕事 で ミス を し た
他 店 に 食べ に 行こ う	近所 の ラーメン 屋 潰れ た
私 が いる じゃん	友達 できる か な
気楽 に 行こ う	来週 、 面接 だ
一緒 に 考えよ う	全然 、 わから ない
知ら ない 方 が いい こと も ある	浮気 さ れ てる かも
なる よう に なる ！	社会 で 生き て いける か な
下 に は 下 が いる よ ！	自分 に 自信 が 持て ない
選択肢 増やす ため に 勉強 しよ う	将来 の 夢 が ない
一緒 に やろ う	やる気 が 起き ない
周り の 人 に 頼ろ う	すぐ に 諦め て しまう
気楽 に 行こ う	ネガティブ に なっ て しまう
自分 を 信用 しよ う	人 を 信用 でき ない
一 個 くらい 大丈夫	単位 来 ない かも
なんとか なる よ	内定 もらえ ない
思っ てる 以上 に みんな 人 の こと 見 て ない よ	悪口 言わ れ てる かも
気 に する こと じゃ ない	いい ね が もらえ ない
妬ま れ てる ん だ よ	SNS で 悪口 を 書か れ た
今 人 より 頑張っ て あと で 楽しも う	楽し そう な 投稿 が うらやましい
私 も だ よ ！	誰 から も LINE 来 ない
通報 しよ う	勝手 に 写真 が 使わ れ た
風景 とか 載せ とけ	写真 写り 悪く て 載せ れる 写真 ない
私 が いる だろ	フォロワー 少な すぎ
代わり に やっ て あげる	返信 めんどくさい
聞き流そ う	八つ 当たり さ れ た
別 の お 店 に 行こ う	対応 が 悪い 店員 が い た
仲直り できる と いい ね	友達 と 喧嘩 し た
注意 しよ う	相手 が 遅刻 し て き た
かわいそう な 人 な ん だ よ	マウント とら れ た
今度 全額 奢っ て もらお う	予定 を ドタキャン さ れ た
一生 の 思い出 じゃん	好き な アイドル と 会え た
私 に も 紹介 し て ！	友達 が 増え た
最高 の 友達 だ ね	プレゼント を もらっ た
遊ん じゃお う	学校 が 休み に なっ た
超 かわいい	メイク が うまく いっ た
似合っ てる よ	新しい 服 買っ た
最高 じゃん ！	イケメン 見つけ た
自分 の 好き な こと できる ね	もうすぐ 休み
夜 の お 散歩 が できる よ	終電 を 逃し た
そんな 日 も ある	見 たかっ た ドラマ を 見逃し た
お うち かえって も 適度 な 温度 だ	エアコン を 消し 忘れ た
たくさん の こと を かんがえ てる ん だ ね	物忘れ が ひどい
次 は 間違え ない ね	提出 ミス を し た
次 食べる ご飯 は おいしい だろ う なあ	ご飯 を 食べ 忘れ た
消費 期限 じゃ なかっ たら まだ 食べ られる よ	賞味 期限 が 切れ て い た
乾け ば 元通り だ から 気 に する 必要 ない	水 溜り に 入っ た
逆 に 言え ば 運 が いい という こと	鳥 の フン が かかっ た
一 個 くらい なく て も 大丈夫	忘れ物 を し た
ケガ し ない よう に 気 を 付け て ね	ケータイ の 画面 を 割っ た
仲直り 出来 たら もっと 仲 が 良く なる よ	友達 と 喧嘩 し た
そんな とき も ある	親 と 喧嘩 し た
絆創膏 を 貼る と 痛み が 軽減 する よ	靴擦れ し た
あったかく し て ねよ う	風邪 かも
きっと いい こと が ある よ	タンス の 角 に 足 の 小指 を ぶつけ た
寝 て 起き たら すっきり する よ	画面 を 見 すぎ て 、 目 疲れ た
トーク で は もう すべら ない かも	滑っ て 転ん だ
痛い ねぇ	包丁 で 切っ て しまっ た
きっと いい 人 が 交番 に 届け て くれ て いる よ	スマホ を 無くし た
そんな 日 も ある よ	スマホ の 充電 が 切れ た
歩い て いけ ば お金 が 浮く よ	改札 で お金 が ない こと に 気づい た
いろんな ところ に お 散歩 いける よ	道 に 迷っ た
家 に ある もの で 試行 錯誤 し て みよ う	買い物 で 一 個 買い 忘れ た
お金 が 浮い た よ ！	お金 が 少し 足り ない
どん まい … もっと いい 結果 に できる よ	ゲーム を ぶっ ち し て しまっ た
すぐ に 洗え ば 落ちる よ	ミート ソース を こぼし た
新しい 駅 で 出会い が 見つかる かも ！	逆 向き の 電車 に 乗っ た
新しい 髪形 に チャレンジ だ	前髪 を 切り すぎ た
次 から は 間違え ない よう に 気 を 付け られる ね	砂糖 と 塩 を 間違え た
人 に 迷惑 を かけ て い ない だけ 良し と しよ う	何 も ない ところ で こけ た
次 は 注意 し て おこ う	連絡 ミス を し た
体調 は 天気 や 状況 で も 変わる から 仕方 が ない	体調 管理 を 失敗 し た
明日 は きっと うまく いく よ	メイク が 上手 に でき ない
いっぱい たべる きみ が すき	ダイエット を し たい の に 食べ て しまう
お 布団 は 最高 な ので 仕方 が ない	寒い から 布団 から 出 たく ない
リラックス できる 状況 を 作ろ う	寝 れ ない
おいしい から しかた ない	お菓子 が おいしく て やめ られ ない
いっぱい 寝 れ て えらい	朝 起き られ ない
打ち込める 趣味 を 見つけれ ば 集中 できる かも ？	集中 力 が ない
でも もう 見れ なく なっ た わけ で は ない よ	手越 くん 、 卒業 し ちゃっ た
神様 が ここ は よく ない って いっ てる ん だ よ	落ち た
次 は 気 を 付けれ ば だいじょうぶ	間に合わ なかっ た
新しい すき を 見つけ に 行こ う	好き な 俳優 が 引退 し た
でも 幸せ なら オッケー です	好き な 女優 が 結婚 し た
探し 物 は 探す の を やめ た とき に みつかる よ	大事 な もの を なくし た
ペーパー が なくなっ た こと に 気 づけ た の が えらい	トイレットペーパー を きらし た
たくさん の 人 が いる から 自分 に あう ひと も きっと いる よ	友達 できる か な
まだ あと 1 週間 ある から 準備 できる ね	来週 、 面接 だ
伸び し ろ が たくさん ！	全然 、 わから ない
まだ いろんな 道 を 選べる よ	将来 が みえ ない
色々 な こと に 興味 を 持っ て みよ う	やり たい こと が わから ない
自分 が 手 を 出せ そう に 思っ た ところ から とりあえず やっ て みよ う	勉強 に が て
チャレンジ し て よく ない こと は あまり ない から やっ て みる の が いい	やっ て み たい けど 勇気 が 出 ない
世界 が まだ あなた の 良 さ に 気づい て い ない だけ	いい ね が もらえ ない
あなた の 良 さ を 知ら ない その 人 は もったいない 人 だ	SNS で 悪口 を 書か れ た
それ より もっと いい 投稿 が あなた に は できる	楽し そう な 投稿 が うらやましい
ネット の 海 に 消える か ｒ あまり 気 に し なく て も 問題 ない	滑っ た コメント を し て しまっ た
いう ほど 一つ の 言葉 を 気 に する 人 は 多く ない	変 な こと を つぶやい て しまっ た かも しれ ない
あなた と は 相性 が 合わ なかっ た だけ	フォロワー に ブロック さ れ た
これから は 使わ ない よう に やさしく 注意 し て あげよ う	勝手 に 写真 が 使わ れ た
練習 し て いこ う	お隣 さん と うまく 話せ ない
話し て み たい と 思わ れ てる の かも しれ ない	近所 の 人 に 見 られ てる 気 が する
返し て あげれ ば 喜ん で もらえる かも	子供 が 挨拶 し て き て 困っ て しまっ た
もっと いい こと が きっと これから 起こる よ	財布 を 盗ま れ た
運 が 付い た と 思お う	床 に 落ち て た 犬 の フン を 踏ん で しまっ た
のんびり 余裕 を もっ て 移動 が でき た ね	目 の 前 で 乗り たい 電車 の ドア が 閉まっ た
これから 気 を 付け れれ ば 水道 ガス 代 も 報わ れる よ	お 風呂 の 栓 を せ ず に 沸かし て しまっ た
いろんな ご飯 の 硬 さ を 楽しも う	ご飯 を 炊く 時 の 水 の 分量 を 間違え た
火 が 通っ て なく て おなか を 壊す より いい と 思お う	火力 を ミス って 焦がし た
タクシー で 帰ろ う	終電 を 逃し た
誰 か が 録画 し てる かも しれ ない よ	見 たかっ た ドラマ を 見逃し た
今日 くらい 良い よ	エアコン を 消し 忘れ た
これから 取り に 行こ う	忘れ物 を し た
まだ 間に合う よ	振り込み 忘れ て た
今 から でも 間に合う かも しれ ない よ	予約 忘れ て た
消費 期限 じゃ ない し まだ 食べ れる よ	賞味 期限 が 切れ て い た
わ ー 冷た そう …	水 溜り に 入っ た
鳥 の バカー	鳥 の フン が かかっ た
大丈夫 ？	転ん だ
違う 人 が きっと 現れる よ	振ら れ た
また 稼げ ば 良い よ	お金 全部 使っ ちゃっ た
その 人 の 記憶 なくなれ ば 良い の に ね	恥ずかしい ところ を 見 られ た
痛い よ ね 絆創膏 あげる	靴擦れ し た
たくさん 休ん で ね	風邪 かも
一番 痛い やつ だ 〜	タンス の 角 に 足 の 小指 を ぶつけ た
目 温め て 寝よ う	画面 を 見 すぎ て 、 目 疲れ た
整骨 院 か 病院 通え ば お金 もらえる よ	車 に ぶつから れ た
ビタミン 剤 飲ん だら 治る よ	口内 炎 だ
痛い ね どこ に 挟ん だ の ？	指 挟ん だ
冷やそ う	火傷 し た
スマ ホ なら 探せ て すぐ 見つかり そう だ ね	スマホ を 無くし た
誰 か に 充電 貸し て もらお う	スマホ の 充電 が 切れ た
お母さん 呼ぼ う	改札 で お金 が ない こと に 気づい た
駅員 さん に 言え ば 大丈夫 だ よ	切符 を 無くし ちゃっ た
それだけ 残そ う	食べ られ ない もの が ある
いつも 通り 可愛い よ	今日 の 服 可愛く ない
聞い て みよ う	集合 時間 が わから ない
染み に なっ ちゃう 〜	ミート ソース を こぼし た
私 も よく やっ ちゃ うん だ あ	逆 向き の 電車 に 乗っ た
可愛い よ	前髪 を 切り すぎ た
甘く て も しょっぱく て も どっち も 良い ね	砂糖 と 塩 を 間違え た
人 に 聞い て みよ う	道 が わから なく なっ た
手 滑っ ちゃう よ ね	水 を こぼし た
あら 、 ドジ っ子 ちゃん 〜	部屋 番号 を 間違え た
焦ら ない で 丁寧 に やっ て み よ	メイク が 上手 に でき ない
私 も だ よ 辛い よ ね	ダイエット を し たい の に 食べ て しまう
お 布団 巻き 巻き で 歩い て み よ	寒い から 布団 から 出 たく ない
アラームガンガン に し て みよ う	朝 起き れ ない
お 布団 巻き 巻き で 歩い て み よ	弟 が 学校 に 行か なく なっ ちゃっ た
そう だ よ ね 怖い よ ね	最近 の 事件 の せい で 外 に 出る の が 怖い
最近 の 事件 の せい で 外 に 出る の が 怖い	お金 が ない
私 も 手越 ファン な ん だ 悲しい よ ね	手越 くん 、 卒業 し ちゃっ た
もっと 似合う ところ が ある よ	落ち た
大丈夫 ！	間に合わ なかっ た
きっと 治る よ	親戚 が 病気 に なっ た
きっと 再販 する よ	欲しかっ た もの が 売り切れ た
また すぐ 見つかる よ	収入 源 が 途絶え た
喧嘩 する ほど 仲 が いい よ	好き な 人 と 喧嘩 し た
君 なら 楽勝 だ よ	友達 できる か な
自信 持っ て 挑め ば 大丈夫	来週 、 面接 だ
みんな きっと わから ない よ	全然 、 わから ない
大丈夫 君 が 彼女 だ よ	好き な 人 彼女 いる か な
えいえい お ー ！	お金 が 全然 たまらない
負け ない よう な こと しよ う	ライバル に 負ける かも
きっと 家 で 寝 てる よ	好き な 人 今 誰 と いる の か な
みんな 気づか ない なんて みんな センス ない なあ 〜	いい ね が もらえ ない
君 に 嫉妬 し てる だけ だ よ	SNS で 悪口 を 書か れ た
見た目 だけ だ よ	楽し そう な 投稿 が うらやましい
悪用 で 訴えよ う	勝手 に 写真 が 使わ れ た
その 人 も 満たさ れ て ない ん だ よ	推し 被り が 匂わせ し てる
忙しかっ たり 体調 悪い の かも ね	推し が あんまり 更新 し て くれ ない
き も いね 無視 しよ う	気持ち 悪い コメント し て くる 人 が いる
大丈夫 ？ タクシー とか で 帰れ そう ？	終電 を 逃し た
それ は つらい 、 見逃し 配信 さがす の 手伝う よ	見 たかっ た ドラマ を 見逃し た
どん まい 、 次 から 気 を つけよ ！	エアコン を 消し 忘れ た
あー ！ 私 も たま に やる やつ ！	お 風呂 の ボタン 押し 忘れ た
仕方 ない 、 気長 に 次 の 待と う ！	バス が 目 の 前 で 行っ ちゃっ た
忘れ ない よう 今度 は メモ しよ う ！	買い 忘れ し ちゃっ た
それ めっちゃ 悔しい よ ね	ゲーム の ログイン 忘れ た
販売 日 以降 に 買える こと を 祈ろ う ！	（ 購入 の ） 予約 を 忘れ た
次 会え たら きこう ！	連絡 先 きく の 忘れ た
やっ ちゃっ た ね 、 、	課題 の 締め切り 忘れ て た
ある ある 、 気づけ ば 期限 過ぎ てる ん だ よ ね …	賞味 期限 が 切れ て い た
どん まい	水 溜り に 入っ た
嫌 だ よ ね 、 私 も 昔 かけ られ た わ …	鳥 の フン が かかっ た
それ めっちゃ ショック な やつ …	お 風呂 の 栓 が 外れ て た
それ は 辛 すぎる 、 次 は バックアップ し とこ う …	データ が 吹っ飛ん だ
とりあえず 薬 を 飲ん で 、 掃除 し て 部屋 から 花粉 を 排除 しよ う	花粉 症 が ひどい
ちゃんと 修理 できる と いい ね …	スマホ の 画面 が 割れ た
とりあえず 下手 な こと 話し て なけれ ば セーフ !!	オンライン で マイク が on に なっ て た
それ は 最悪 だ ね 、 データ とか 大丈夫 ？ ？	ゲーム 機 が 壊れ た
買い替え 時 だっ た ん だ よ きっと …	家電 が 壊れ た
ストレス 発散 しよ う ！ ！	イライラ する
痛い よ ね 、 絆創膏 持っ てる ？	靴擦れ し た
大丈夫 ？ あったかく し て 寝 て ね	風邪 かも
それ は 痛い … お 大事 に	タンス の 角 に 足 の 小指 を ぶつけ た
私 も よく やる よ 、 とりあえず 目 を 休めよ う ！	画面 を 見 すぎ て 、 目 疲れ た
大丈夫 ！ ？ ちゃんと 手当 し て ね	階段 で 転ん だ
とりあえず お腹 を 温めよ う ！	お腹 が 痛い
寝 れる なら 寝 た ほう が いい かも … 薬 は ある ？	頭 が 痛い
大丈夫 ？ 湿布 とか ある ？	肩 が 痛い
大丈夫 ？ 重い もの とか 持た ない よう に ね ！	腰 が 痛い
痛い よ ね 、 まずは 安静 に し て 様子 を みよ う	寝違え ちゃっ た
きい てる だけ で 痛い !!	舌 嚙 ん だ
なるべく しみ ない もの を 食べよ う …	口内 炎 が でき た
え ええ ！ ？ とりあえず 近く の 交番 行こ う ！	スマホ を 無くし た
近く に 充電 できる 場所 とか ある かも ！	スマホ の 充電 が 切れ た
ドン マイ …	改札 で お金 が ない こと に 気づい た
もう 一 回 落ち着い て 探そ う ！	眼鏡 を なくし た
とりあえず ある もの で 考えよ う ！	着る 服 が ない
とりあえず 染み抜き の 方法 で も 送る わ …	ミート ソース を こぼし た
次 の 駅 で 乗り換えれ ば 大丈夫 ！	逆 向き の 電車 に 乗っ た
とりあえず ごまかす 方向 で どうにか しよ う ！	前髪 を 切り すぎ た
大丈夫 、 きっと 修正 できる よ たぶん	砂糖 と 塩 を 間違え た
やっ ちゃっ た ね …	左右 違う 靴下 は い て き ちゃっ た
うーん 、 参考 に この 動画 とか どう ？	メイク が 上手 に でき ない
食べ ちゃっ た 分 動け ば 大丈夫 ！ ！	ダイエット を し たい の に 食べ て しまう
それ ね 、 もう いっそ 布団 ごと 動い ちゃう とか ？ （ 笑 ）	寒い から 布団 から 出 たく ない
アロマ とか 音楽 とか どう か な ？ ？	寝 れ ない
卒業 し ちゃう の は 悲しい ね …	手越 くん 、 卒業 し ちゃっ た
そっ か … 次 当たる よ きっと ！	コンサート の 抽選 に 落ち た
間に合わ なかっ た の は つらい ね …	間に合わ なかっ た
何とか し て きれい に でき ない か な …	お気に入り の 服 が 汚れ ちゃっ た
そんな とき も ある よ … 、 別 の 店 に は ない か な ？	目 の 前 で 品切れ に なっ た
大丈夫 、 きっと できる よ ！	友達 できる か な
めっちゃ 緊張 する よ ね 面接 、 ファイト ！	来週 、 面接 だ
頭 真っ白 に なる よ ね わかる …	全然 、 わから ない
それ は 不安 だ ね 、 とりあえず 自分 の 行動 を 思い出し て	鍵 を かけ 忘れ た かも …
どうしても 不安 なら いったん 戻る しか ない かも	火 を 消し 忘れ た かも …
不安 なら とことん 練習 ある のみ ！	発表 うまく できる か な
正直 不安 を 感じ て いる 時点 で 大丈夫 だ と 思う よ	テスト 大丈夫 か な
それ も 経験 ！	失敗 し たら どう しよ う
そんなに 気 に し ちゃ だめ だ よ	いい ね が もらえ ない
そんな の 無視 無視 ！	SNS で 悪口 を 書か れ た
じゃあ 今度 一緒 に 遊び に 行こ う ！	楽し そう な 投稿 が うらやましい
それ は ひどい ！ 勝手 に 使う の は だめ だ よ ね	勝手 に 写真 が 使わ れ た
きっと 忘れ ちゃっ た だけ だ よ ！	既 読無 視 さ れ た
気づい て ない だけ だ よ きっと 、 大丈夫 ！	未読 無視 さ れ た
私 も よく やっ ちゃう よー ！	つい チェック し て しまう
大丈夫 ！ ？ 記憶 は 薄れる だろ う し 気 に し ない 気 に し ない ！	大勢 の 人 の 前 で 転ん だ
わかる 、 緊張 する と 噛む よ ね …	めっちゃ 噛み まくっ た
私 も たま に やる 、 気 を 付けよ う …	大声 出し て めっちゃ 見 られ た
案外 まわり は 気づい て ない かも ？	前後 逆 に 服 着 て た
それ めっちゃ 恥ずかしい ね 、 どん まい	服 の タグ が 付き っぱなし だっ た
向こう も 多分 察し て くれ てる だろ う から 大丈夫 だ よ	友達 と 間違え て 知ら ない 人 に 声 かけ ちゃっ た
やっ ちゃっ た ね …	水着 着 て 行っ て 下着 忘れ た
あら ら 、 ちなみに 何 て 言っ て た の ？	寝言 言っ ちゃっ た
気 に し ない 気 に し ない ！ なおせ そう ？	寝 ぐせ つい た まま だっ た
それ は いろんな 意味 で 大丈夫 だっ た ？	相手 を 間違え て LINE し ちゃっ た
どん まい 、 気づい て ない 人 も 多い と 思う よ	ズボン の ファスナー が 開い て た
紛らわしい とき ある よ ね 、 次 から 気 を 付けよ …	店員 さん と お客 さん を 間違え た
大丈夫 だ よ	課題 を 出し 忘れ た
YouTube とか で 見 られる よ	録画 忘れ た
なく て も なんとか なる	家 に スマホ 忘れ た
伝え に 行か なきゃ	伝言 を 伝え 忘れ た
よく ある こと だ ね	何 を する の か 忘れ た
そんな 日 も ある	電車 に 乗り遅れ た
そんな 時 も ある よ	実験 レポート を 忘れ た
よく ある よ ね	相手 の 名前 を 忘れ て しまっ た
また チャンス ある よ	話しかける チャンス 逃し た
よく ある ね	家 の 鍵 忘れ た
そんな 日 も ある	テキスト 忘れ た
買い替え の 時期 かも	スマホ が 割れ た
着替えよ う	水 溜り に 入っ た
しょうが ない よ	満員 電車 に 乗っ て しまっ た
よく ある よ ね	エコ バック 忘れ た
しょうが ない よ	前髪 を 切り すぎ た
しょうが ない よ	電車 に 傘 を 忘れ た
風邪 ひか ない よう に ね	にわか雨 に あっ た
新しい もの を 買お う	コップ を 落とし て しまっ た
だるい ね	ゴミ箱 を ひっくり返し た
後で 取り に 行こ う …	遠く の 人 の 足元 まで 消しゴム が 転がっ た
しょうが ない よ	テスト で ケアレスミス を し た
絆創膏 いる ？	靴擦れ し た
ゆっくり 休ん で	風邪 かも
ハンド クリーム 塗ら ない と ね	乾燥 し て 手 が 痛い
微妙 に 痛い やつ	タンス の 角 に 足 の 小指 を ぶつけ た
目薬 さし なー	画面 を 見 すぎ て 、 目 疲れ た
無理 し ない で ね	偏頭痛 が する
痛い よ ね	紙 で 手 を 切っ た
のど 飴 食べる ？	喉 が 痛い
それ は 痛い	日焼け し た
探す しか ない なあ	スマホ を 無くし た
それ は 辛い	スマホ の 充電 が 切れ た
一 回 降りよ う	電車 で 貧血 に なっ た
手伝う よ	荷物 が 重 すぎ て 運べ ない
しょうが ない よ	寝坊 し た
頑張っ て	コンタクト を 落とし て 何 も 見え ない
そんな 時 も ある よ	お 店 が 閉まっ てる
気 を つけ て ね	スマホ が 繋がら ない
辛い なあ	改札 で お金 が ない こと に 気づい た
たまに ある よ ね	渋滞 で 進め ない
頑張っ て	道 に 迷っ た
どうにか 頑張れ	電車 が 止まっ て 帰れ ない
どう しよ う	大事 な 書類 が 破れ た
一緒 に 頑張ろ う	課題 が 終わら ない
洗え ば 落ちる よ	ミート ソース を こぼし た
たまに ある ね	部屋 着 の 上 から 服 を 着 た
そんな 日 も ある	逆 向き の 電車 に 乗っ た
似合っ てる よ	前髪 を 切り すぎ た
気 を つけ て ね	足 を 捻っ た
大丈夫 ？	何 も ない ところ で 転ん だ
そんな 日 も ある よ	砂糖 と 塩 を 間違え た
大丈夫 ？	尻餅 を つい た
好き な もの じゃ ない と 難しい ね	集中 力 が 続か ない
同じく	夜 更かし し て しまう
同じく	メイク が 上手 に でき ない
わかる	ダイエット を し たい の に 食べ て しまう
難しい よ ね	時間 の 使い方 が 下手
決める の 難しい よ ね	優柔不断
気 を つけ なきゃ ね	金遣い が 荒い
ある ある だ ね	寒い から 布団 から 出 たく ない
頑張っ て	朝 早起き でき ない
なん でも 似合う よ	服 が 決まら ない
難しい ね	課題 が 難しい
難しい よ ね	人 に 話しかけ られ ない
伝われ ば 大丈夫 だ よ	良い 言葉 が 出 て こ ない
なん でも 覚える の は 大変 だ よ ね	物覚え が 悪い
わかる	周り の 目 が 怖い
楽しい もん ね	遊ん で いる と 帰り たく なくなる
練習 しよ う	言葉 遣い が 悪い
また 今度 会える よ	遊ぶ 予定 が なくなっ た
今度 できる と いい ね	ライブ が 中止 に なっ た
それ は 悲しい ね	買っ た ばかり の ネックレス を なくし た
それ は 悲しい	ネット で 買っ た 服 が 思っ て い た もの と 違う
きっと 次 は 当たる よ	チケット が 外れ た
次 の 出会い が ある よ	彼氏 と 別れ た
よく 頑張っ た ね 、 お疲れ様	試合 に 負け た
それ は 悔しい ね	怪我 で 試合 に 出 られ ない
そんな 時 も ある よ	友達 と 喧嘩 し た
嫌 だ ね	親 に 怒ら れ た
きっと できる よ	友達 できる か な
頑張っ て ！	来週 、 面接 だ
来 ませ ん よう に	変 な お客 さん 来 ない と いい な
きっと できる よ	結婚 できる か な
わから ない よ ね	全然 、 わから ない
早く 寝よ う	明日 起き れる か な
なんとか なる ！	就職 できる か な
きっと 大丈夫 ！	バイト で ミス し ない か な
応援 し てる よ	明日 の 試合 勝てる か な
なんとか なる ！	将来 生き て いける か な
怖い よ ね	テスト 怖い
気 を つけ て ね	暗い 道 が 怖い
難しい よ ね	いい ね が もらえ ない
無視 が 一番 だ よ	SNS で 悪口 を 書か れ た
たくさん 撮ろ う	写真 を 撮る の 難しい
遊び に 行く か ー	楽し そう な 投稿 が うらやましい
それ は 酷い	勝手 に 写真 が 使わ れ た
逃げ た 方 が いい ね	変 な 人 に 絡ま れ た
難しい よ ね	SNS を 使いこなせ ない
きっと これから できる よ	友達 が 増え ない
タクシー を 探そ う か ？	終電 を 逃し た
再 放送 を 待と う	見 たかっ た ドラマ を 見逃し た
次回 気 を 付けれ ば いい よ	エアコン を 消し 忘れ た
次 は 気 を 付けよ う	賞味 期限 が 切れ て い た
びっくり する よ ね	水 溜り に 入っ た
お つかれ さ ま	鳥 の フン が かかっ た
お 大事 に	靴擦れ し た
お 大事 に	風邪 かも
お 大事 に	タンス の 角 に 足 の 小指 を ぶつけ た
蒸し タオル が いい らしい よ	画面 を 見 すぎ て 、 目 疲れ た
鳴らし て みる ？	スマホ を 無くし た
充電 スペース を 探す ？	スマホ の 充電 が 切れ た
そういう 時 も ある よ	改札 で お金 が ない こと に 気づい た
ショック だ よ ね	ミート ソース を こぼし た
お疲れ様	逆 向き の 電車 に 乗っ た
いつか 伸びる よ	前髪 を 切り すぎ た
凄い 味 に なる よ ね	砂糖 と 塩 を 間違え た
がんばれ	寒い から 布団 から 出 たく ない
し ちゃっ た ね	手越 くん 、 卒業 し ちゃっ た
きっと できる よ	友達 できる か な
頑張っ て	来週 、 面接 だ
誰 か に 聞い て みる ？	全然 、 わから ない
人 それぞれ だ から	いい ね が もらえ ない
消し て もらお う	SNS で 悪口 を 書か れ た
きっと できる よ	楽し そう な 投稿 が うらやましい
使わ ない よう に 言う ？	勝手 に 写真 が 使わ れ た
今日 は お疲れ様 でし た 。	終電 を 逃し た
サブスクリプション	見 たかっ た ドラマ を 見逃し た
家 に 帰っ たら 涼しい ね ！ ！	エアコン を 消し 忘れ た
課題 を やっ た の ね ！ ！ えらい ！ ！	課題 を 提出 し 忘れ た
今月 は ゆっくり できる ね	シフト 提出 し 忘れ た
気 が 付く こと が 大切	誕生 日 プレゼント 買い 忘れ た
短期 集中 できる ね	充電 し 忘れ た
その 分 荷物 軽い ね	傘 忘れ た
社会 人 だ と 遅刻 は 許さ れ ない から 、 今 の うち だ よ ！	バイト ある こと 忘れ た
良い 運動 だ ！	授業 休講 の こと 知ら ず に 学校 来 ちゃっ た
賞味 期限 だ から 大丈夫	賞味 期限 が 切れ て い た
冷たい よ ね ！	水 溜り に 入っ た
洗う チャンス だ ね ！ ！	鳥 の フン が かかっ た
応募 し た だけ えらい	インターン 落ち た
忍耐 力 つく ね	電車 が 遅延 し てる
タイピング 力 上がる ね	保存 し 忘れ て い た
馬鹿 に さ れる だけ 愛嬌 が ある	馬鹿 に さ れ た
その 人 と 話す 機会 が でき た ね ！	メール 違う 人 に 送っ ちゃっ た
頑張っ て 歩い た ね	靴擦れ し た
体温 測っ て	風邪 かも
痛い よ ね 。 。 。 私 も よく やる	タンス の 角 に 足 の 小指 を ぶつけ た
お疲れ様 ！ ！	画面 を 見 すぎ て 、 目 疲れ た
友達 の 証	猫 に 引っかか れ た
前 しか 向い て ない って こと だ ね ！ ！	階段 から 落ち た
痛い よ ね 。 。 。 私 も よく やる	紙 で 切っ て しまっ た
地味 に その ポエム 響い たり する よ ね	Twitter で ポエム 書く 人 痛い
歯医者 に 行く いい 機会 だ	虫歯 が でき た
パスワード かけ てる から 少し は 安心 だ ね	スマホ を 無くし た
勉強 に 集中 できる ね	スマホ の 充電 が 切れ た
電子 決済 に 切り替える タイミング だ	改札 で お金 が ない こと に 気づい た
コミュ 力 上げる チャンス ！	嫌い な こと シフト 被っ た
腕力 鍛え られる ね	自転車 パンク し た
待ちぼうけ の 練習 だ	迎え に 誰 も 来 て くれ ない
それだけ 期待 さ れ てる って こと だ ね	よく 怒ら れ て しまう
裸眼 の 世界 を 楽しも う ！	コンタクト なく し た
よっぽど おいしかっ た ん だ ね ！	ミート ソース を こぼし た
いつも と 違う 景色 を 眺め られる ね	逆 向き の 電車 に 乗っ た
視界 が 開け て テンション 上がる ね	前髪 を 切り すぎ た
脱水 予防 ！ ！	砂糖 と 塩 を 間違え た
会話 が 弾む いい 機会 だ	人 の 名前 を 間違え た
瞬発 力 ！ ！	アクセル と ブレーキ 間違え た
そこ まで の 会社 だっ た って こと だ よ	インターン 忘れ て た
伸 びしろしかないじゃん ！	メイク が 上手 に でき ない
ダイエット は 断食 じゃ ない ！	ダイエット を し たい の に 食べ て しまう
布団 の 中 最高 だ よ ね	寒い から 布団 から 出 たく ない
丁寧 に やっ てる 証拠 だ ね	課題 が 終わら ない
人 と は 違う 世界 が 見え て いい じゃん	視力 が 悪い
節約 力 上がる ね	お金 が ない
幸せ だ なぁ	悩み が ない こと が 悩み
周り を ハッピー に し てる ね	つらい こと な さ そう に 見え て しまう
合わ ない って こと で あきらめ な	インターン が 通ら ない
合える 機会 が 増える ね	手越 くん 、 卒業 し ちゃっ た
上がる のみ	落ち た
時間 の 管理 を 見直す 機会 だ	間に合わ なかっ た
他 に お金 が 使える ね	コンサート の 抽選 に 落ち た
仲 が より 深まる ね	友達 と 喧嘩 し た
注意 力 上がる ね	変換 が 上手く いか ない
強い 炭酸 って こと が 分かっ た ね	炭酸 が 爆発 し た
カロリー 摂取 抑え られ た ね	スタバ の 新作 が 売り切れ て た
友達 を 作ろ う と 考え てる だけ えらい	友達 できる か な
深呼吸	来週 、 面接 だ
一緒 に 考え て こ ！	全然 、 わから ない
一緒 に 勉強 しよ う	単位 取れる か 不安
いつも 早く 起き てる から 大丈夫 だ よ	明日 起き られる か な
今 まで 頑張っ て き た から 大丈夫	試験 大丈夫 か な
思い違い って こと よく ある よ	友達 怒っ て ない か な
私 が 押し て あげる ！	いい ね が もらえ ない
悪口 が 書ける くらい 注目 さ れ てる って こと	SNS で 悪口 を 書か れ た
真似 しよ ！	楽し そう な 投稿 が うらやましい
良い 写真 だっ た って こと だ よ	勝手 に 写真 が 使わ れ た
やばい な	個人 情報 が バレ た
間違え て 削除 し ちゃっ た ん だ よ	フォロー 承認 し て くれ なかっ た
通信 が 重たく なら ず に 済む ね	フォロワー が 伸び ない
違う 種類 の 試す いい 機会 だ	歯ブラシ 買い 忘れ た
あか なく て も どうにか なる	スーツケース の 鍵 なく し た
問い合わせれ ば とうに か なる	チケット なく し た
イメチェン できる ね	ヘア アイロン 持っ て き 忘れ た
新しい もの を 買う いい 機会 だ	下着 一 泊 分 忘れ た
キャッシュ レス 還元 率 高い よ	現金 忘れ た
その 分 寝 られ た ね	寝坊 し た
服 着 て た だけ まし	オート ロック で 追い出さ れ た
欲張っ て 食べ て 胃 も たれ せ ず に 済ん だ ね	バイキング 行き そびれ た
予習 できる ね	先生 来 ない
その 分 勉強 できる ね	長引い た
記憶 に 残っ て いい ね	毎回 指名 さ れる
徹夜 お疲れ様	眠い
その 分 いい 経験 が できる こと に 期待 しよ う	入会 費 が 高い
いろんな 人 と 関 われる ね	人 多 すぎ
残る こと で できる 人間 関係 も ある ！ お疲れ様	早く 帰り たい
早起き は 三文 の 徳	集合 時間 早 すぎ
大変 な 思い は いつか 報わ れる よ	準備 大変
敬語 使っ て おけ ば とりあえず は オッケー	上下 関係 が 分から ない
覚えよ う と し て いる こと が すごい	新入生 の 名前 と 顔 が 一致 し ない
休む こと も 大切	さぼり すぎ てる
経験 値 上がる ね	企業 に 電話 する
発表 前 に 深呼吸 し て ね	明日 発表
年上 の 人 と 話す の は いい 経験 だ よ	バイト 先 で の 上司 と の 会話
身構え ます よ ね	バイト 先 の 人 と 大学 で 会話 し た とき
久々 に 会う 人 は なんだか 緊張 する よ ね	親戚 の 人 に 久々 に 会う とき
憧れ の 人 と 話せる なんて いい ね	憧れ の 人 と 話す とき
よく い られ た ね 、 私 だっ たら 怖く て 逃げ ちゃう	怒っ てる 人 と 同じ 空間 に いる とき
一 人 の 時間 も 大事	クリ ぼっ ち
大人 に なっ た ね	サンタ さん が 来 ない
残りもの に は 福 が ある	ケーキ が 売り切れ ちゃう
飾っ た 後 の 感動 は 頑張っ た 人 に しか 味わえ ない よ	ツリー 飾る の 面倒 だ な
混ん でる とき に 行っ た 方 が 味 が ある よ	イルミネーション 見 に 行き たい の に 混ん でる 、 、
そんな 日 も ある さ	終電 を 逃し た
見逃し 配信 やっ てる よ ！	見 たかっ た ドラマ を 見逃し た
電気 代 が ・ ・ ・ ！	エアコン を 消し 忘れ た
賞味 期限 は あっ て ない よう な もの だ よ	賞味 期限 が 切れ て い た
良く 回り 見 て 歩か ない と ！	水 溜り に 入っ た
最悪 だ ね ・ ・ ・ 帰っ て すぐ に お 風呂 入り な ～	鳥 の フン が かかっ た
私 も よく 靴擦れ する ん だ 、 痛い よ ね	靴擦れ し た
辛かっ たら 休み な ！	風邪 かも
それ は 痛 すぎる ！ お 大事 に	タンス の 角 に 足 の 小指 を ぶつけ た
眼精疲労 だ ね 、 お疲れ様	画面 を 見 すぎ て 、 目 疲れ た
一緒 に 探す よ ！	スマホ を 無くし た
充電 器 貸そ う か ？	スマホ の 充電 が 切れ た
サザエさん みたい だ ね	改札 で お金 が ない こと に 気づい た
きっと ちゃんと 洗え ば 落ちる よ ！	ミート ソース を こぼし た
ちょっと くらい 遅刻 し て も 大丈夫 だ よ	逆 向き の 電車 に 乗っ た
意外と 似合っ てる よ	前髪 を 切り すぎ た
おっちょこちょい だ ね	砂糖 と 塩 を 間違え た
私 も 上手く でき ない から 練習 中	メイク が 上手 に でき ない
とても よく わかる	ダイエット を し たい の に 食べ て しまう
冬眠 し たい よ ね	寒い から 布団 から 出 たく ない
ソロ で 活動 し て くれる と いい ね	手越 くん 、 卒業 し ちゃっ た
また 次回 頑張ろ ！	落ち た
電車 の 乗り換え 最悪 だっ た ね	間に合わ なかっ た
明るい し 面白い から すぐ 出来る よ ！	友達 できる か な
緊張 する ね ！	来週 、 面接 だ
そのうち 分かる よう に なる よ ！	全然 、 わから ない
何 が 良く ない ん だろ う	いい ね が もらえ ない
それ は 酷い ！	SNS で 悪口 を 書か れ た
私 たち も 何 か 楽しい こと し たい よ ね	楽し そう な 投稿 が うらやましい
ちゃんと 訴え た 方 が いい と 思う ！	勝手 に 写真 が 使わ れ た
Let ' s 野宿 ！ 非 日常 を 味わっ ちゃお う ！	終電 を 逃し た
サブスク を 利用 すれ ば いつ だって 見れる よ ！ アマプラ が 安く て おすすめ ！	見 たかっ た ドラマ を 見逃し た
エアコン 消さ ない ほう が 電力 安かっ たり する ん だ よ ？ 知っ て た ？	エアコン を 消し 忘れ た
人生 何とか なる さ ！ 説明 会 に 取り組ん で いる 君 は 頑張っ て いる ！	説明 会 に 出 忘れ た
提出 物忘れ 一 回 ？ 余裕 だ ね ！	提出 物 だ し 忘れ た
何 を 逃し た ん だい ？ そんな の 人生 の 微々たる ミス や 。	逃し た
何 を 忘れ た ん だい ？ 人間 忘れる 生き物 さ 。	忘れ た
あくまでも 基準 だ し 食べ ちゃえ （ 笑 ） また 買い 直せ ば いい さ ！	賞味 期限 が 切れ て い た
やっ た ー 。 カエル に なれ た ね ！ 私 も なり たい よー （ 笑 ）	水 溜り に 入っ た
いい 笑い話 やん ！ 鳥 に 選ば れ し もの しか 体験 でき ない ラッキーパーソン ！	鳥 の フン が かかっ た
喧嘩 する ほど 仲 が 良い ん だ よ ！ 変 な プライド 捨て て 仲直り や ！	喧嘩 し た
人生 甘く ない ん や で ！ ただ 、 悪い 波 は 永久 じゃ ない から 前向き に 頑張る ん や ！	思う よう に いか ない
いや いやいや 、 恋愛 でき てる だけ ええ やん （ 女子 社会 出身 者 目線 ）	フラ れ た
人生 諦め も 重要 。	挫折 し た
過去 から 学び 、 今日 の ため に 生き 、 未来 に 希望 を もと う 。 アインシュタイン も 言っ てる よ	失敗 し た
知っ て た ？ アインシュタイン は 物理 の 成績 悪かっ た ん だ よ ！ あれ 、 ガリ レオ だ っけ な ？	テスト 赤 点
もう 一 回 学べる ドン ！	単位 落とし た
ネガティヴ 思考 な 分 人生 損 し て いる ぜ ！ こんな の どう でも よく なる くらい Big に なる ん じゃ 。	最悪
まだ 生き てる よ ね ？	終わっ た
逃げる 方 が ヤバ いから ね ？ 受け入れ て 反省 しよ 。	事故 っ た
毎日 ラッキー だっ たら 面白く なく ない ？	ついて ない
元 靴 屋 店員 目線 で 言わ せ て いただき ます が 新品 じゃ 日常 茶飯事 な ので 気 に なる よう でし たら 中 敷 を おすすめ し ます よ ？	靴擦れ し た
サボり チャンス 到来 ！ いつも 頑張っ て いる ご 褒美 だ ね ！	風邪 かも
角 が 君 を 愛し て いる そう だ 。	角 に 足 の 小指 を ぶつけ た
タオル を 濡らし 、 電子 レンジ で 温め 、 アイマスク に する の を おすすめ し ます ！ Easy !	画面 を 見 すぎ て 、 目 疲れ た
なっ て しまっ た もの は しょうが ない 。 お 大事 に 。	怪我 し た
さっさと EVE 飲も う ！	腹痛
痛い の 痛い の 飛ん で け ー ！ どう ？ 治っ た ？	痛い
実は Google アカウント あれ ば 位置 特定 できる の 知っ て た ？	スマホ を 無くし た
そんな ちっぽけ な 事 で 悩め る の ！ ？ コンビニ で 携帯 充電 器 購入 か 、 カフェ で 充電 すれ ば 良い の で は ？	スマホ の 充電 が 切れ た
「 空っぽ の 財布 が 現れ た ！」 ▷ おろす ▷ 借りる ▷ 引き返す ▷ 電話 する	お金 が ない こと に 気づい た
そん じゃ 、 私 と 開業 し ない ？ （ 笑 ） 解決 策 は いくらでも ある さ ！	内定 もらえ ない
まずは 落ち着い て 深呼吸 。	パニック
基本 何とか なる から 、 とり ま 落ち着け ？	どう しよ う
問題 解決 は 原因 を 分析 する こと が 一番 や で ！ よく 考え て 次に 行動 しよ う 。	困っ た
大丈夫 だ から 冷静 に な 。	ヤバ い
今 助ける ！ ヘリ を 待つ ん だ ！	ピンチ
うわ ああ ああ ああ ！ お気に入り の 洋服 が あ ！ （ こぼし たら 言っ て み たい ） クリーニング へ 行き ましょ ー	ミート ソース を こぼし た
みんな 人生 に 一 度 は 経験 する 行事 だ から ！ 電車 が 多い の が いけ ない と 思う 。	逆 向き の 電車 に 乗っ た
伸びる 伸びる ！ 次 切る まで の 期間 が 伸び で Lucky !	前髪 を 切り すぎ た
すき焼き 作る とき に 父 が 間違え た けど 何とか 食べ れ た よ 。 味 は 保証 し ない けど （ 笑 ）	砂糖 と 塩 を 間違え た
所詮 バイト な ん だ から そこ まで 気 に せ ん で ええ 。	バイト ミ スっ た
バカ の 方 が 楽しい よ ！	バカ 丸出し
君 が 思っ て いる より 、 他人 は 何 と も 思わ ない ぜ ？ 気 に せ ず 挽回 が 大切 。	やらかし た
それ は 私 も だ から 何とも 言え ない けど 、 出来 より 努力 じゃ ね ？	メイク が 上手 に でき ない
アホ くらい の 方 が か わ ええ で ！	ポンコツ
他人 の こと な ん だ から 気 に せ ん で ええ ！ イキイキ する ん や ！	ひどい こと 言わ れ た
やる気 に なれ ば できる ん だ か らち ゃっちゃとこなしちゃいなさいっ ！	めんどくさい
彼氏 や 彼女 、 親友 に 「 デブ は いや だ 」 と 言い 続け て もらお う ！ そして 思い出そ う 。 （ 炭水化物 減らす の もの も おすすめ ）	ダイエット を し たい の に 食べ て しまう
みんな 悩ん でる から 大丈夫 ！ （ 多分 ）	寒い から 布団 から 出 たく ない
ときには し たく ない こと も ある さ 。 休も う 。 そして 切り替えよ う 。	し たく ない
まずは 男心 、 女心 を 学び ましょ う 。	モテ ない
英語 は 通じれ ば OK だ よ 。 日本 以外 で は 。 （ TOEIC がんばろ う ね ！ ）	英語 が でき ない
意外と 何とか なる ん じゃ ね ？ 気楽 に いこ ！	就活 嫌 だ
相手 も 人間 だ から きちんと 謝れ ば 何とか なる さ 。	怒ら せ た
人間 みんな 違う から ！ 一部 の 人 に 愛さ れれ ば よく ない ？	人間 関係
いじめる やつ の 心 が 小さい から ほっとけ ？	いじめ
他人 を 気 に し て 行動 する 人生 で いい ん すか ？	人目 線
逃げる は 恥 だ が 役に立つ ！	逃げ たい
親 に 決め られ てる の ？ 自分 の 人生 な のに 。	親 に 言わ れる
よーく 考え て から 決めれ ば ええ 。	別れ たい
悔い の ない よう に ！	告白 する か 迷う
自分 を 信じ て ！ どの 選択 で も 君 次第 ！	進路 に 迷う
美味しい もの 食べよ ！	お腹 減っ た
お疲れ様 ！ 頑張っ て いる 君 は 素敵 さ ！	疲れ た
そんな こと は ない さ ！ 生まれ て き て くれ て ありがとう ！	必要 と さ れ て い ない
他人 は 他人 、 自分 は 自分 。 自分 流 に 生き れる 奴 は （ E ）	他人 と 比べる
心得 た ！	相談 聞い て
何 を 思っ て そう なっ た ん ？ 逆 に 誰 が 可愛い の ？ 定義 なんて ない さ 。	ブス
嫌 なら 断り な ！ 断る 権利 は 誰 に でも ある 。	断れ ない
まあ まあ そう 言わ ず 落ち着き ましょ う 。	無理
え 、 一 人 楽しく ない ？ 自由 や で ！	一 人
お 財布 と 相談 や な ！	物欲
やる こと やっ て 遊ん だら ええ 。	遊び たい
某 サイト で 検索 すれ ば 美味しい もの 出 て くる で ！	献立 思いつか ない
何事 も 終わり は ある ん や で ？ さあ 、 新しい 領域 へ ！ HaHa	卒業 し ちゃっ た
落ち ない 人間 なんて いる の ？	落ち た
間に合わ なかっ た 事実 は 変わら ない ので 、 次に いこ ！	間に合わ なかっ た
君 は まだ 生き て いる ！ 残さ れ た 人生 楽しも う 。	死ん だ
ぱおん	ぴえん
悲しい 時 は 思いっきり ない て ええ ん や で ！	悲しい
存分 に 泣け ば いい 。	泣き たい
辛い よ なー 。 お互い がんばろ う や ！	辛い
今 が 頑張り どき や で ！ 頑張れ ば 結果 が つい て くる 。	勉強
人生 辛い こと も ある けど その 分 楽しい こと も ある よ な ？	人生
ここ 乗り切れ ば 必ず よく なる 。 頑張れ ！	しんどい
できる か な ？ じゃ なく て 作る ん よ ！	友達 できる か な
緊張 し すぎ の やらかし 注意 ！ 頑張っ て ！	来週 、 面接 だ
私 も わから なー い （ 笑 ）	全然 、 わから ない
それ 全 世界 共通 の 悩み 。 解決 でき た 君 は ノーベル 賞	コロナ
探す 手段 は たくさん ある ので 試し ましょ う	結婚 相手 が い ない
余命 宣告 さ れ て ない 人 だって いつ 死ぬ か わから ん から 悔い の ない よう に 生きよ ！	余命 宣告 さ れ た
それ は やばい 。 催促 す べき じゃ ない ？	お金 が 返っ て こ ない
いい ね もらえ た から 何 に なる ん ？ じゃあ 私 から 「 イイ ね 」 ！	いい ね が もらえ ない
そんな ん み なきゃ いい 。 味方 だって いる から 。	SNS で 悪口 を 書か れ た
じゃあ 自分 も 楽しく なる よう に 切り 拓け ば いい	楽し そう な 投稿 が うらやましい
写真 を 撮ら なきゃ いい し 、 見せ なきゃ いい 。	勝手 に 写真 が 使わ れ た
寝れ ば おさまる 。	イライラ する
大声 で 歌っ て ストレス 発散 だ ！	モヤモヤ する
多め に み て やれ ー 。 悪気 は ない さ 。	ムカ つく
そんな 日 も ある よ ！	終電 を 逃し た
見逃し 配信 で 見れる よ ！	見 たかっ た ドラマ を 見逃し た
家 帰っ たら 涼しい ね ！ ( 暖かい ね )	エアコン を 消し 忘れ た
友達 に 見せ て もらお う ！	教科書 忘れ た
まだ 落単 じゃ ない よ ！	出席 忘れ た
新しい お菓子 買っ ちゃ い ましょ う ♪	賞味 期限 が 切れ て い た
今日 は 土砂降り でし た ね	水 溜り に 入っ た
その 分 今日 は 他 に いい こと ある よ ！	鳥 の フン が かかっ た
まだ 来年 が ある よ ！	単位 落とし た
この 会社 に は 縁 が なかっ た と 思お う	寝坊 し て 選考 受け られ なかっ た
それ 通報 し た 方 が いい よ	満員 電車 で 痴漢 さ れ た
絆創膏 あり ます よ ！	靴擦れ し た
ゆっくり 休ん で ください	風邪 かも
それ は 地味 に すごく 痛い やつ	タンス の 角 に 足 の 小指 を ぶつけ た
今日 は 早く 寝る と いい よ	画面 を 見 すぎ て 、 目 疲れ た
トイレ いく ？	お腹 痛い
うわ ！ それ 痛い よ ね ！	舌 噛ん だ
保 湿 保 湿 ！	赤 切れ で 手 が 痛い
スマ ホ 使え ない 時 も 意外と 楽しい よ ？	スマ ホ 使え ない
寝 れる だけ 寝る ん だ ！	最近 寝 て も 寝 て も 眠い
次 から は 多め に 持っ て おこ う ！	改札 で お金 が ない こと に 気づい た
片付けよ う ！	部屋 汚い
クレカ 止め な ！	財布 無く し た
一緒 に 買い に いこ 〜	服 ない
メルカリ で 売れる よ ！	ガチャガチャ で 同じ の が 3 回 も 出 た
次 から は 計画 的 に やろ う ！	課題 が 終わら ない
大丈夫 ！ 洗濯 し たら 落ちる よ ！	ミート ソース を こぼし た
急い でる と そんな こと も ある ！	逆 向き の 電車 に 乗っ た
え 、 まじ で にあっ てる よ ！ ？	前髪 を 切り すぎ た
高野 豆腐 は 失敗 から でき た 食べ物 らしい から おけ ！	砂糖 と 塩 を 間違え た
謝っ たら 許し て くれる よ ！	バイト で お客 さん に 水 かけ た
そんな 日 も ある よ ！	シフト 入っ て ない のに バイト 行っ ちゃっ た
YouTube み て 一緒 に がんばろ ！	メイク が 上手 に でき ない
え わかる 、 でも ストレス ため ない の が 一番 ！	ダイエット を し たい の に 食べ て しまう
わかる 、 毛布 巻き つけ て 歩こ う ！	寒い から 布団 から 出 たく ない
先生 に 質問 し て みよ う ！	課題 が わから ない
ドライブ で 一緒 に 練習 しよ ！	運転 が 上手く なら ない
朝 早く 起きよ う ！	夜 寝 れ ない
落ち着い て ！	緊張 し い
バイト しよ ！	お金 ない
お年玉 まで 待と う	アウター 欲しい けど 高く て 買え ない
一般人 として あえる かも よ ！	手越 くん 、 卒業 し ちゃっ た
お疲れ様 、 頑張っ て た の わかっ てる よ 。	落ち た
待っ てる よ ~ ん	間に合わ なかっ た
誕生 日 おめでとう ！ ！	今日 誕生 日 な のに 誰 に も 祝っ て もらえ なかっ た
私 が 仲良い 友達 だ よ ！	仲良い 友達 が 遠く に 引っ越し た
もう 一 回 買お う ！	アイス 溶け て た
ちゃんと 謝れ ば 許し て くれる よ ！	友達 と 喧嘩 し た
次 当たる よ ！	ライブ 外れ た
私 と 遊ぼ う	予定 が 埋まら ない
とりあえず 笑顔 で あいさつ し とこ ！	友達 できる か な
笑顔 ！ 笑顔 ！ 面接 官 も 人間 ！	来週 、 面接 だ
まあ さ 、 考え た 過程 が 大事 よ な 、 うん 。	全然 、 わから ない
一応 傘 持っ て た 方 が いい ん じゃ ない ？	今日 雨 降る か なあ ？
確認 し に 帰っ た 方 が いい よ ！	家 の 鍵 閉め 忘れ た かも
大丈夫 ！ 心配 し なく て 大丈夫 だ よ ！	就職 先 決まる か な ？
時間 帯 じゃ ない ？	いい ね が もらえ ない
まじ でき に すん な ！ ！	SNS で 悪口 を 書か れ た
え ～ 一緒 に たのしも ！	楽し そう な 投稿 が うらやましい
それだけ かわいかっ た の よ 、 、 でも や だ よ ね 、	勝手 に 写真 が 使わ れ た
ただ みんな が インスタ 辞め た だけ じゃ ない ？	めっちゃ フォロワー 減っ た
今 忙しい ん だ よ ！ きっと	推し の 投稿 頻度 が 少ない
新しい 出会い ある よ ！	恋人 に 振ら れ た
私 の バイト 先 どう ？	バイト 先 に 馴染め ない
あの 人 イマイチ だっ た よ ！ 他 に いい 人 いる よ ！	好き な 人 に 恋人 が でき た
考え すぎ じゃ ない ？	なんだか 、 友達 に ハブ られ てる よう な 、 、
お金 貯め て 収まっ たら 遊び に 行こ う ！	遊び に 行け ない
マスク は コロナ に とても 効果 が ある ん だ よ	マスク が 嫌 だ
いや ？ 意外と そんな こと ない よ	ワクチン 怖い
一緒 に 運動 しよ う ！	コロナ 太り し た
通勤 ラッシュ に 乗ら なく て 済む よ ！	オンライン 授業 嫌 だ
椅子 確保 ！	吊り革 触り たく ない
うち も 入っ て ない 、 朝 まで に 入れ ば オッケー	お 風呂 入り たく ない
お金 の ため に 頑張ろ う	バイト 行き たく ない
次 、 気 を つけれ ば いい じゃ ない !	終電 を 逃し た
Tver で 見れ ば いい じゃ ない !	見 たかっ た ドラマ を 見逃し た
帰っ て き た or 起き た 時 に ベスト な 温度 に なっ て いる よ ！	エアコン を 消し 忘れ た
乗り換え で ダッシュ すれ ば きっと 間に合う よ ！	電車 に 乗り遅れ た
謝っ たら 、 許し て くれる よ !	友達 と の 待ち合わせ に 遅刻 し た
これから 出し 忘れ ない よう に すれ ば OK !	課題 を 出し 忘れ た
これから きちんと チェック し て 忘れ ない よう に すれ ば OK !	チケット の 販売 期間 が 終わっ て い た
きっと 運 が 溜まっ て いる よ ！	チケット の 抽選 期間 が 終わっ て い た
スマホ が なく て も なんとか なる よ ！	スマホ 忘れ た
きっと 、 なんとか 調整 できる よ ！	ダブルブッキング を し た
もしか し たら 家 の 外 に 行っ た かも よ	ゴキブリ を 仕留め 損ね た
サザエさん も 忘れ て た から そんなに 落ち込ま ない で !	お 財布 忘れ た
消費 期限 じゃ ない から 、 少し くらい 過ぎ て も 大丈夫 だ よ !	賞味 期限 が 切れ て い た
わかる ！ 私 は 、 雨 の 時 は 濡れ て も 目立た ない よう な 服 を 着 て いる よ !	雨 で 服 が 濡れ た
ドン マイ ! 近い うち に きっと いい こと ある よ !	水 溜り に 入っ た
運 が つい た から 逆 に ラッキー !	鳥 の フン が かかっ た
私 も １ 時間 くらい 寝過ごし た こと ある から 大丈夫 ！	寝過ごし た
次 の 試験 の 時 に 役立つ から 大丈夫	試験 範囲 間違え て た
これから 寝坊 し ない よう に 気 を つけれ ば OK	寝坊 し た
今日 は いい 夢 見れる よ ！	悪 夢見 た
クモ は 益虫 だ から 、 出 て も 気 に し なく て OK	大きい クモ に 遭遇 し た
ゴキジェット で 頑張っ て !	ゴキブリ に 遭遇 し た
あと で 、 美味しい もの 食べ れる と 思っ て 頑張っ て !	嫌い な 食べ物 が 出 て き た
笑っ た 人 は 時間 が 経て ば 忘れる と 思う から 、 気 に し ない で !	自分 の 失敗 を 人 に 笑わ れ た
そんなに 深刻 に 受け止め ず に 流し て 聞け ば OK	上司 に 八つ 当たり さ れ た
喧嘩 する ほど 仲 が いい っていう ことわざ も ある から 、 きっと もっと 仲良く なれる よ !	喧嘩 し た
荷物 は そのうち 戻っ て くる よ	ひったくり に あっ た
お 土産 は 思い出 な ん だ から 、 そんなに 落ち込ま ない で ！	お 土産 で 買っ た もの が 地元 でも 売っ て い た
そういう 人 も いる よ 、 仕方 ない よ …	馬 が 合わ ない 人 が いる
頑張っ た 分 、 より 良い もの が でき て いる よ !	課題 が 終わら なく て 、 徹夜 し た
新しい 靴 だ から じゃ ない ？ そのうち 靴擦れ し なく なる と 思う よ !	靴擦れ し た
頑張り すぎ なん じゃ ない ? ゆっくり 休ん で ね	風邪 かも
わかる ！ それ 、 痛い よ ね 〜	タンス の 角 に 足 の 小指 を ぶつけ た
お 疲れ ! 明日 は ゆっくり 休ん で ね !	画面 を 見 すぎ て 、 目 疲れ た
治療 が 終わっ たら 、 美味しい もの 食べ に 行こ う !	虫歯 が でき た
パソコン の 見 過ぎ なん じゃ ない ? 落ち着い たら 休ん で ね	頭 が 痛い
私 も よく 痛く なる けど 、 横 に なっ て じっと し てれ ば 治る よ !	お腹 が 痛い
サロン パス 貼る と 、 すぐ に 治る よ !	肩 が 痛い
イヤ ホン の し すぎ かも 、 ヘッド フォン に し て 耳 の 負担 を 減らし た ほう が いい と 思う よ !	耳 が 痛い
勉強 の しす ぎなんじゃない ? ストレッチ し て み て 〜	腰 が 痛い
七転び八起き っていう 言葉 も ある から 転ん で も 起き上がっ て 頑張ろ う !	階段 で 転ん だ
ストレッチ し て 、 ゆっくり 休ん で ね !	筋肉 痛 で 足 が 痛い
薬 を 飲ん で ゆっくり 休ん で ね ！	乗り物 酔い を し た
それ 痛い よ ね 、 でも 時間 が 経て ば 治る よ ！	紙 で 指 を 切っ て しまっ た
きっと すぐ に 戻っ て くる よ !	スマホ を 無くし た
大丈夫 ！ なんとか なる ！	スマホ の 充電 が 切れ た
家 まで を もう １ 往復 し たら いい 運動 に なる よ !	改札 で お金 が ない こと に 気づい た
そんな 日 も ある よ !	今日 は よく ミス を する
どこ か わから なく て も 、 歩き 続けれ ば いつか は 着く よ !	道 に 迷っ た
私 ので よけれ ば 貸す から そんなに 落ち込ま ない で !	授業 ノート を なくし て 勉強 が でき ない
次 から バックアップ を 取る よう に すれ ば OK	パソコン の データ が 全部 消え た
私 も 春 は そういう 環境 に なる こと も あっ た けれども 、 そういう 時 は 自分 から 積極 的 に 話しかけ て み たら 仲 いい 人 も 見つかっ た よ !	気軽 に 相談 できる 相手 が い ない 環境 に いる
すぐ に 洗え ば 、 落ちる よ !	ミート ソース を こぼし た
遅刻 し て い ない なら 大丈夫 だ よ !	逆 向き の 電車 に 乗っ た
すぐ に 伸びる よ !	前髪 を 切り すぎ た
両方 とも 食べ物 だ から 少し くらい 間違え て も 大丈夫 !	砂糖 と 塩 を 間違え た
届い て すぐ なら 返品 できる から 大丈夫 だ よ !	買う もの を 間違え た
私 も よく やっ ちゃう … でも 洗濯 カゴ に 入れる 前 に ポケット の 中 を 確認 する 習慣 を つけ たら 減っ た よ ！	ティッシュ が 洗濯 物 の 中 に 入っ て い て 悲惨 な こと に なっ た
怪我 が なく て よかっ た ！ 手袋 とか で 滑ら ない よう に 気 を つけよ う !	お 皿 を 割っ て しまっ た
より 清潔 に なっ た と 思お う ！	シャンプー と リンス を 間違え て 何 回 も 洗っ て しまっ た
YouTube とか で 色々 見 て み たら ？	メイク が 上手 に でき ない
私 も そう だ から 一緒 に 頑張ろ う !	ダイエット を し たい の に 食べ て しまう
わかる ！ 私 も そう な ん だ よ ね 〜	寒い から 布団 から 出 たく ない
私 も そう な ん だ よ ね 、 お 昼寝 する と いい らしい よ !	ずっと 眠い
忙しい っていう の は 悪い こと で は ない よ !	最近 、 忙しい
深呼吸 し て 頑張っ て !	緊張 する と お腹 が 痛く なる
徐々に 仲良く なれれ ば 大丈夫 だ よ !	人見知り で 初対面 の 人 と 打ち解け られ ない
年末 の 大 掃除 頑張っ て 新年 気持ちよく 迎えよ う ！	部屋 が 汚い
わかる !、 ちょっと 後ろ に 立っ て 写っ て み たら ？	写真 写り が 悪い
今 は コロナ だ から 仕方 ない けど 、 いつか は 行ける よう に なる よ	海外 に 行き たい
時間 調整 し て 、 気分 転換 に どこ か へ 出かけよ う よ !	どこ か に 出かけ たい
みんな 忙しい から 仕方 ない よ ね …	他 大学 の 人 たち と 予定 が 合わ ない
新しい 推し 見つけよ う よ !	手越 くん 、 卒業 し ちゃっ た
きっと 他 に いい 学校 に 行ける よ !	試験 に 落ち た
きっと 他 の 良い 会社 に 行ける よ !	就活 に 落ち た
乗り換え で 走れ ば そんなに 遅刻 し ない と 思う よ !	電車 の 時間 に 間に合わ なかっ た
次 から 遅れ ない よう に すれ ば 大丈夫 だ よ !	課題 の 提出 時間 に 間に合わ なかっ た
運 が 溜まっ て いる と 思っ て 元気 出し て !	抽選 に 落ち た
きっと 今 は 運 を 溜め て いる 段階 だ から 落ち込ま ない で ！	ガシャポン で 欲しい もの が 出 なかっ た
来 クール に もっと ハマ れる ドラマ が ある かも よ ?	好き だっ た ドラマ が 終わっ て しまう
大吉 が 出る 確率 より はるか に 低い から ある 意味 ラッキー ！	お み くじ で 大凶 が 出 た
きっと それ より いい もの が 買える よ !	欲しかっ た もの が お 店 に 行っ たら 売り切れ て い た
次 から 、 落とさ ない よう な 場所 に 置け ば OK	大切 に し て い た もの を 間違え て 捨て て しまっ た
占い は 非 科学 的 な もの が 多い から 、 気 に し なく て 大丈夫 ！	占い 結果 が 悪かっ た
きっと 他 に 人 も 不安 に 思っ てる と 思う よ ! 勇気 を 出し て 話しかけ て みよ う よ !	友達 できる か な
変 に 気負わ ず に 頑張っ て !!	来週 、 面接 だ
ちゃんと 鍵 を 閉め て いれ ば 入っ て こ ない よ !	泥棒 が 来る かも しれ ない
宝くじ に 当たる くらい の 確率 だ から 、 多分 入っ て こ ない と 思う よ !	家 に 強盗 犯 が 入っ て くる かも しれ ない
夏目 漱石 と 同じ 悩み だ ね 、 まずは どうして 不安 な の か を 考え て み たら ？	ぼんやり と し た 不安
自信 を 持っ て 、 いい 結果 を 待と う ！	面接 に 受かっ て いる か 心配
ゆっくり 考え て みよ う 〜	将来 が 不安
そういう 時 も ある よ ! 次 、 頑張ろ う !	テスト の 結果 が 悪かっ た
心配 し なく て も その うち に きっと 来る よ !	友達 が 待ち合わせ 時間 に 来 ない
だ ね 、 スマ ホ に 見入っ たり 、 寝 たり し ない よう に し て い 気 を つけよ う ！	最近 物騒 で 、 電車 に 乗り たく ない
わかる ！ 私 も 買っ ちゃう ん だ よ ね 〜	推し の キャラクター グッズ を たくさん 買っ て しまう
私 も いい ね ! する ね 〜	いい ね が もらえ ない
それ 、 ひどい ね … 、 相手 に 直接 言い返し たら ？	SNS で 悪口 を 書か れ た
私 たち も 羨まし がら れる 投稿 作ろ う よ ！	楽し そう な 投稿 が うらやましい
それ 、 ひどい ね …	勝手 に 写真 が 使わ れ た
私 も SNS は やっ て い ない し 、 やら なく て も 全然 大丈夫 ！	SNS を やめ たい
タクシー が ある よ	終電 を 逃し た
見逃し 配信 が ある よ	見 たかっ た ドラマ を 見逃し た
帰っ たら 快適 だ ね	エアコン を 消し 忘れ た
今 すぐ しよ う	連絡 を し 忘れ た
すぐ のも う	薬 を 飲み 忘れ た
取り に 帰る ？	忘れ物 を し た
お腹 に 気 を 付け て	賞味 期限 が 切れ て い た
靴下 が びしょびしょ だ …	水 溜り に 入っ た
そういう 日 も ある ！	鳥 の フン が かかっ た
交番 に 行こ う	財布 を 無くし た
容体 は ？	入院 し た
次に 活かそ う	怒ら れ た
風邪 ひか ない よう に ！	雨 に 降ら れ た
絆創膏 を はろ う	靴擦れ し た
薬 を 飲ん で	風邪 かも
それ は 痛い …	タンス の 角 に 足 の 小指 を ぶつけ た
あんまり 酷使 し ない よう に …	画面 を 見 すぎ て 、 目 疲れ た
薬 を 飲も う	お腹 が 痛い
あったかく し て 寝よ う	悪寒 が する
保 湿し よう	ささくれ が でき た
バランス よく 食べよ う	ニキビ が 痛い
交番 に 行こ う	スマホ を 無くし た
モバイル バッテリー を 借りよ う	スマホ の 充電 が 切れ た
しまっ た ！	改札 で お金 が ない こと に 気づい た
買い に 行こ う	卵 が 一つ も ない
急い で 選択 しよ う	明日 の 着替え が ない
おかしい な	家計 簿 の 計算 が 合わ ない
頑張っ て ！	満員 電車 で 乗れ ない
うっかり ミス ！	ミート ソース を こぼし た
急い で たん だ ね	逆 向き の 電車 に 乗っ た
自分 で 切っ た の か な	前髪 を 切り すぎ た
味 が 気 に なる …	砂糖 と 塩 を 間違え た
痛い ！	転ん だ
一 日 以内 なら 送信 取り消し できる よ	誤 送信 を し て しまっ た
それ は 大変 …	納期 を 間違え た
練習 しよ う	メイク が 上手 に でき ない
お菓子 を 家 から なくそ う	ダイエット を し たい の に 食べ て しまう
もう少し だけ 寝よ う	寒い から 布団 から 出 たく ない
買い物 に 行こ う	冬 服 が ない
できる ところ まで やろ う	宿題 が 終わら ない
もっと 勉強 しよ う	もっと 成績 を よく し たい
もう ひと 踏ん張り ！	好き な こと だけ し て い たい
それ は 残念 …	手越 くん 、 卒業 し ちゃっ た
また 受けれ ば 大丈夫	落ち た
次 は 間に合わ せよ う	間に合わ なかっ た
ステイホーム を 楽しも う	外出 禁止 に なっ た
残念 ！	祝日 な のに 休み じゃ なかっ た
次 は ちゃんと 確認 しよ う	課題 の 期限 を 間違え た
名前 を 書い て おこ う	スイーツ を 食べ られ た
できる ！	友達 できる か な
大丈夫 ！	来週 、 面接 だ
もう少し 頑張ろ う	全然 、 わから ない
アイマスク を しよ う	眠れ ない
目覚まし 時計 を かけよ う	起き れる か 不安
しっかり 寝よ う	体調 が よく ない
ツボ を 押し て みよ う	緊張 する
投稿 を 見直そ う	いい ね が もらえ ない
気 に し ない ！	SNS で 悪口 を 書か れ た
自分 も 楽しも う	楽し そう な 投稿 が うらやましい
意思 を 伝えよ う	勝手 に 写真 が 使わ れ た
よかっ た ！	楽しい
スクリーン タイム 機能 を 使お う	ずっと 見 て しまう
調べよ う	アカウント を 作り たい
なんとか なる よ	財布 を 忘れ た
そういう とき も ある	約束 を 忘れ た
それ は 嫌 だ ね 、 、	犬 の 糞 を 踏ん だ
次 が ある ！	テスト で 0 点 とっ た
朝 起きる の って 大変 だ よ ね	寝坊 し た
次 は 一緒 に 見よ	1 人 で ホラー 映画 を 見 た
何 も し て こ ない よ	犬 が 怖い
あったかい 飲み物 飲ん で 落ち着こ	怖い 夢 を 見 た
大丈夫 ？	転ん だ
今日 は ゆっくり しよ う	低 気圧 の せい で 頭 が 痛い
安静 に しよ	目 が 腫れ た
お疲れさま だ ね	推し が 負け た
次 の 人 探そ う	振ら れ た
それ は 苦しい ね 、 、	アニメ の 推し が 亡くなっ た
徐々に 慣れ て いく よ	独り暮らし を 始め た
定期 的 に 電話 し たら 良い よ	友達 が 引っ越し た
近く の 人 に 道 聞い たら 何とか なる ！	迷子 に なっ た
見つかる と いい ね	パスモ が なくなっ た
相談 できる 人 に 相談 しよ う	いじめ られ て いる
お 大事 に し て ね	風邪 が 治ら ない
見極め て ね	初対面 の 人 から 遊び に 誘わ れ た
あなた なら 大丈夫 ！	初めて の 場所 に 一 人 で いる
そういう こと も ある よ ね	派手 に 転ん だ
次 から 気 を 付けよ う	人 の 名前呼び 間違え た
間に合え ば 大丈夫 ！	乗る 電車 間違え た
悲しい ね 、 、	バッドエンド の 映画 を 見 た
気 に し ちゃ だめ だ よ ！	陰口 を 言わ れ た
相談 乗る よ	夜 眠れ ない
出来る こと から 始めよ う	可愛く なり たい
それ は 萎える ね	好き な 人 が ナルシスト だっ た
無理 し ない 程度 に 慣れよ う	野菜 が 嫌い
ちょっと 怖く 見える よ ね	猫 が 苦手
関わら ない よう に しよ う	性格 悪い 人 が 苦手
出来る こと から し て あげ よ	友達 の 推し が 卒業 し た
遅れ て くる の は 良く ない よ ね	友達 が 待ち合わせ に 遅れ た
そんな こと ない ！	何 も でき ない 自分 に イライラ する
ジェスチャー で 何とか し て みよ う	外国 語 で 道 を 聞か れ た
地図 見よ	道 が わから ない
自炊 し てる の えらい ！	今日 の 夕飯 何 つくろ う か な
どんな 服 で も 似合う よ	明日 その 服 着よ う
悪く 思わ れ て ない よ ！ 大丈夫 ！	友達 に どう 思わ れ てる か な
自分 を 信じ て	試験 が 近い
い て いい ん だ よ ！	自分 が この グループ に い て いい の か わから ない
話しかけよ ！	前 の 席 の 子 に 話しかけ て いい の か
難しい よ ね	課題 の 問題 が 全然 解け ない
あなた は 十分 でき てる よ	友達 に 気 の 利い た 声 を かけ て あげ られ ない
一瞬 だ から こそ 良い よ ね	綺麗 な 景色 が 一瞬 で 消え て しまう
気 に し ちゃ だめ	投稿 で マウント を とら れる
たまたま だ よ	好き な 人 から 返信 来 ない
心配 だ ね 、 、	友達 が 数 日 学校 を 休ん で いる
焦ら ず 着実 に 進め て こ	明日 提出 の 課題 が 終わら ない
気 を 付け て 歩い て ね	道 が 暗く て 不気味
それ は 嫌 だ ね	バカ に する よう に 笑わ れ た
無視 しよ	にらま れ た
次 は 気 を 付けよ う	バイト で 失敗 し た
次 から 頑張ろ う	バイト で 怒ら れ た
そんな こと ない	何 も でき ない 自分 が みじめ
どん まい	ガチャ が 外れ た
新しい こと 始めよ う	本 を 読む の に 飽き た
わかる 、 、	好き な 俳優 が 問題 を 起こし た
まだ できる こと は ある よ	試験 に 落ち た
次 は 後悔 を 活かし て 頑張ろ う	試験 勉強 を 少し しか し なかっ た
謝っ て みよ う	友達 の 傷つく こと を 言っ て しまっ た
正直 に 言っ て みよ う	嘘 を つい て しまっ た
そんな こと ない よ	自分 の せい で 試合 に 負け て しまっ た ん じゃ ない か
許せ ない ね	彼氏 を とら れ た
相手 が 悪い ！	浮気 さ れ た
気 に し すぎ ちゃ ダメ	親友 に 仲 の 良い 友達 が 出来 た
少し ずつ 努力 しよ う	自分 より 才能 が ある 人 に 嫉妬 する
次 勝てる よ	試合 で 負け た
しょうが ない	弟 に 身長 を 抜か れ た
そういう とき も ある よ ね	友達 の 名前 を 間違え て 呼ん だ
皆 数 日 後 に は 忘れる から 大丈夫	人前 で 転ん だ
いつも 通り やれ ば 大丈夫	ピアノ の 発表 会 が ある
頑張っ て	人前 に 立つ 仕事 が ある
それ は 呆れ て も しょうが ない	仕事 の でき ない 上司 に 呆れる
納得 いく まで 話し合っ たら いい よ	友達 と 少し 言い争っ て もやもや する
お疲れ様 ！	今日 も つか れ た
大変 そう だ ね 、 、	最近 休み が 無く て 疲れ た
気 に し すぎ ！	悪い こと が 起きる こと を 恐れる
そんな こと ない よ ！	じ ぶん は なに も でき ない
わかる 、	難しい こと が 出来 ない
相手 の 良い ところ を 探し て みよ う	生理 的 に 無理 な 人 が 増える
不 愛想 じゃ ない よ	自分 が 不 愛想 だ と 思う
君 なら できる	重い 仕事 を 任せ られる
私 が いる よ	友達 が い ない
そんな こと ない	味方 が い ない
優しい ね	何 も 言い返せ なかっ た
頑張っ て いる ね	やり たく ない 仕事 を 続け て いる
わかる 。	年末年始 に やる こと が 多い
信頼 さ れ てる ん だ ね	多く の 仕事 を 任さ れ た
地道 に 進めよ う	ゲーム が 攻略 でき ない
難しい よ ね	人 の 気持ち を 読み取れ ない
出来る こと から 始めよ う	自分 の する べき こと が わから ない
多分 悪い こと は 考え て ない よ	恋人 が 何 を 考え て いる か わから ない
無理 し ちゃ だめ だ よ	限界 まで 働い て いる
しつこい の は 嫌 だ なぁ	友達 が 同じ こと を 何 度 も 聞い て くる
ひどい ね	他人 の 傷つく こと を 簡単 に 言う 人 が いる
何 か あっ た ん だ ね 、	恋人 に 冷め た
謝っ て みよ う	友達 に ひどい こと を 言っ て しまっ た
仲直り し た 方 が 良い と 思う	お互い に 無視 し あっ て いる
気 を 付け て 行動 しよ う	友達 の 機嫌 が 悪い
気 を 付けよ う	しょっちゅう 転ぶ
気 を 付けよ う	しょっちゅう 忘れ物 する
困る よ ね	電車 が 遅れ て いる
嫌 だ ね	商品 が 破損 し て い た
毎日 頑張っ てる の 知っ てる よ	毎日 やる こと が たくさん ある
無理 は し ない で ね	課題 が 同時に たくさん 出 た
楽しみ に し て た のに ね 、 、	雨 で イベント が 中止 に なる
親 に 連絡 しよ	録画 し て ない
ドン マイ	定期 忘れ た
ある ある だ わ	電車 乗り過ごし た
次 がんばろ	レポート 出し 忘れ た
まあ 、 なんとか なる	スマホ 忘れ た
教え て あげる よ	やばい 課題
それ は 無理	推し が 卒業 …
うち も	雨 に 濡れ た
充電 器 貸し て あげる	充電 切れ た
ゴミ箱 確認 ！ ！ ！	データ 飛ん だ
洗え ば いい	靴 汚れ た
クリーニング だ わ	服 に 染み付い た
逃げる ぞ	G だ
わかる	肩 凝っ た
大丈夫 ？	風邪 ひい た
それ な	花粉 無理
トイレ 行く ？	お腹 痛い …
明日 に は 治る よ	筋肉 痛
仕方 ない	予防 接種 痛い
お 大事 に	インフルエンザ 辛い
休め な	目 が 痛い
探そ う	リモコン が ない
教え て あげる よ	これ 分かん ない
食べ て あげる よ	これ 食べ られ ない
寝 な	眠い
貸そ う か ？	お金 ない
チョコ あげる	お腹 すい た
それ なー	推し が 尊 すぎる
誰 も 覚え て ない よ	こけ た
貸し て あげよ う	教科書 忘れ た
交番 行こ	財布 落とし た
洗っ て き な	服 汚し た
ドン マイ	宿題 家 だ …
まじ か 、 気づか なかっ た	服 逆 だっ た
早く カフェ 行こ	半袖 は 寒 すぎ た
寝 な	常に 眠い
それ な	痩せ れ ない
遊び に 行っ て いい ？	家 から 出 たく ない
保 湿 大事	肌 が 乾燥 する の
似合っ てる よ	眼鏡 似合わ ない
電話 かけよ う か ？	早起き でき ない
大丈夫 よ	不安 が ある …
それ は つらい	グッズ 売り切れ
どうにか なる	落ち た
大丈夫	無理 だ
辛い な	推し が 卒業 だって
一 から やり直そ	ゲーム の データ 飛ん だ
また ね	ばい ばい
いける て	辛 すぎる
なんとか なる よ	どう しよ う
教え て あげよ う	わから ん
一緒 に 勉強 しよ う	テスト 大丈夫 か な
頑張っ て	お化け 屋敷 は ダメ でしょ
家 戻る ？	カギ 閉め た っけ
やばい ね	やばい
怖く ない よ	怖い
映え てる	映え ない
それ 誰 ？ ひどい わ	SNS で 悪口 を 書か れ た
今度 その 場所 一緒 に 行こ う	楽し そう な 投稿 が うらやましい
嫌 だ よ ね	勝手 に 写真 が 使わ れ た
運営 に 言お う	乗っ取ら れ た
全然 やら なく て いい よ	怖い
徐々に がんばろ	フォロワー 増え ない
俺 っ ち 泊まっ て いく ？	終電 を 逃し た
きっと 再 放送 し て くれる よ 。	見 たかっ た ドラマ を 見逃し た
帰っ て すぐ でも ちょうど いい 温度 だ ね	エアコン を 消し 忘れ た
電気 代 が 浮く	スマホ を 忘れ た
次に 挽回 し な	デート 忘れ て た
何とか なる さ	テスト 忘れ て た
まだ 食べ れる よ	賞味 期限 が 切れ て い た
泥 が 落ち た ね	水 溜り に 入っ た
次 から いい こと ある よ	鳥 の フン が かかっ た
次 がんばれ	テスト 落ち た
し 返せ	浮気 さ れ た
絆創膏 貸し て あげる	靴擦れ し た
ゆっくり 休ん で ね	風邪 かも
俺 も 昨日 ぶつけ た 笑	タンス の 角 に 足 の 小指 を ぶつけ た
ゆっくり 寝 て ね	画面 を 見 すぎ て 、 目 疲れ た
お 大事 に	骨折 し た
次 の 日 に は 治る よ	ワクチン の 副作用
よく 動い た 証拠 だ	筋肉 痛
痛い の 痛い の とん で いけ ～☆	転ん だ
電話 し て あげよ う か ？	スマホ を 無くし た
バッテリー 貸す よ	スマホ の 充電 が 切れ た
利子 付き で 貸し て あげる よ	改札 で お金 が ない こと に 気づい た
急げ ！ ！	寝坊 し た
傘 入れあげる	雨 が 降っ て き た
新た な 模様 が でき た ね 笑	ミート ソース を こぼし た
冒険 だ	逆 向き の 電車 に 乗っ た
すぐ 伸びる よ	前髪 を 切り すぎ た
よく ある 笑	砂糖 と 塩 を 間違え た
次 は いい の 作れる よ	間違え て 資料 消し ちゃっ た
可愛い から メイク なんて する な	メイク が 上手 に でき ない
わかる 、	ダイエット を し たい の に 食べ て しまう
寝坊 する ぞ	寒い から 布団 から 出 たく ない
勉強 し て き た から 大丈夫 だ よ	試験 大丈夫 か な
時間 が 経て ば 元 に 戻れる	喧嘩 し た
私 は 手越 くん 好き じゃ ない	手越 くん 、 卒業 し ちゃっ た
また 頑張ろ う	落ち た
次 から 気 を 付けよ う	間に合わ なかっ た
また 新しい ペット 買っ たら ！	ペット が 死ん だ
自由 に なれる ね	彼氏 と 別れ た
できる よ	友達 できる か な
ファイト ！	来週 、 面接 だ
教え て あげる	全然 、 わから ない
この世 に 男 は たくさん いる	告白 成功 する か な
終わっ た こと を 気 に する な ！	テスト 大丈夫 だっ た か な
私 が し て あげよ う	いい ね が もらえ ない
皆 書か れ て いる	SNS で 悪口 を 書か れ た
いつか 君 も そう なれる ☆	楽し そう な 投稿 が うらやましい
訴えよ う	勝手 に 写真 が 使わ れ た
忙しい ん だ よ	返信 遅い
上司 が タクシー 代 出し て くれる よ	終電 を 逃し た
サブスク に 上がっ て いる よ	見 たかっ た ドラマ を 見逃し た
帰っ た 時 に 部屋 が 快適 な 温度 に なっ て いる よ	エアコン を 消し 忘れ た
スマホ ない と きつい よ ねー	スマホ 忘れ た
1 回 くらい なら 大丈夫 だ よ	講義 動画 見 忘れ た
1 , 2 日 なら 大丈夫 だ よ	賞味 期限 が 切れ て い た
足元 大丈夫 ？	水 溜り に 入っ た
アンラッキー だっ た ね	鳥 の フン が かかっ た
また 買っ て こよ う	冷蔵庫 の プリン 食べ られ た
次 とれる よ	チケット 取れ なかっ た
次 は 当たる よ	抽選 外れ た
次 やる とき は バックアップ とっ て おこ う	データ 保存 さ れ て なかっ た
それ は 痛い ね …	靴擦れ し た
大丈夫 ？ ゆっくり 休ん で	風邪 かも
それ は 災難 だっ た ね	タンス の 角 に 足 の 小指 を ぶつけ た
お疲れ様 です	画面 を 見 すぎ て 、 目 疲れ た
絆創膏 あげよ う か ？	紙 で 指 切っ た
絆創膏 あげよ う か ？	料理 し て たら 指 切っ た
肘 ぶつける と ジン ジン する よ ね	肘 を ぶつけ た
それ は 痛かっ た ね …	転ん だ
電話 かけ て みる ？	スマホ を 無くし た
充電 器 貸そ う か ？	スマホ の 充電 が 切れ た
お金 貸そ う か ？	改札 で お金 が ない こと に 気づい た
ペン 貸そ う か ？	筆箱 忘れ た
テキスト 見せ て あげる よ	テキスト 忘れ た
次回 忘れ ない よう に しよ う	提出 の 課題 持っ て くる の 忘れ た
一緒 に 探そ う か	鍵 を なくし た
すぐ 洗え ば 落ちる よ	ミート ソース を こぼし た
そういう こと も ある よ	逆 向き の 電車 に 乗っ た
また 伸び て くる さ	前髪 を 切り すぎ た
たま に は 違う 味 も 良い ん じゃ ない ？	砂糖 と 塩 を 間違え た
次 は 気 を 付けよ う	待ち合わせ の 時間 間違え た
次 は うまく やれる よ	調味 料 入れる 順番 間違え た
クリーニング に 出そ う	スーツ に ジュース こぼし た
誰 だって 最初 は うまく でき ない よ	メイク が 上手 に でき ない
わかる	ダイエット を し たい の に 食べ て しまう
わかる	寒い から 布団 から 出 たく ない
先輩 や 先生 に 相談 しよ う	就活 どうし よう
先輩 や 先生 に 相談 しよ う	進学 どうし よう
野菜 沢山 食べ て いっぱい 寝よ う	肌荒れ が ひどい
生活 リズム を 整えよ う	朝 起き れ ない
いつか そういう 時 が 来る さ	手越 くん 、 卒業 し ちゃっ た
次 落ち ない よう に 頑張ろ う	落ち た
そういう こと も ある よ	間に合わ なかっ た
推し の セカンド キャリア も 応援 しよ う	推し が クビ に なっ た
来年 は 大丈夫 だ よ	推し チーム が 最下位 に なっ た
ある よ ね	アニメ の 推し が 死ん じゃっ た
次 の センター 誰 だろ う ね	センター が 変わっ ちゃっ た
きっと 出来る よ	友達 できる か な
頑張れ	来週 、 面接 だ
困っ たら 聞い て ね	全然 、 わから ない
大丈夫 だ よ	明日 ゼミ の 発表 だ
頑張れ	来週 、 模擬 授業 だ
緊張 する よ ね	明日 、 面談 だ
頑張れ	来週 、 試験 だ
次 は いい ね 貰える よ	いい ね が もらえ ない
気 に し ない 気 に し ない	SNS で 悪口 を 書か れ た
いつか 楽しい こと が 起きる よ	楽し そう な 投稿 が うらやましい
あなた の 写真 が 素晴らしい から だ よ	勝手 に 写真 が 使わ れ た
あなた も いつか 神 引き できる よ	ガチャ で 神 引き し た の が 羨ましい
きっと 間違っ ちゃっ た ん だ よ	フォロー 外さ れ た
気 に し ない で	ブロック さ れ た
いそがしい ん だ よ 、 きっと	既 読無 視 さ れ た
あー 、 それ は ドン マイ	推し が 炎上 し た
ブロック し ちゃえ	特定 の 人 に だけ 引用 リツイート さ れる
ブロック し ちゃえ	DM が う ざい
そのうち 増える よ	フォロワー が 増え ない
いそがしい ん だ よ 、 きっと	推し の 投稿 が 減っ た
連絡 先 同期 し てる と ある よ ねー	親 に アカウント ばれ た かも
それ は 仕方 ない かも	身内 に 裏 垢 ばれ た かも
そういう こと も ある よ	間違え て 送っ ちゃっ た
推し が 素敵 だ から 嫉妬 し てる ん だ よ	推し が SNS で 叩か れ た
ミュート すれ ば いい ん じゃ ない	フォロワー が うるさい
問い合わせ たら いい ん じゃ ない	アカウント が 凍結 し た
いそがしい ん だ よ 、 きっと	彼氏 の 返信 が 遅い
それ は つらい ね	最近 彼氏 が 冷たい
それ は つらい ね	友達 が 冷たい
はやめ に 仲直り しよ う	友達 と 喧嘩 し た
わかる 、 保 湿し よ	乾燥 が ひどい
暖かい 恰好 で 過ごそ う	冷え性 だ
眠い よ ね	寝不足 だ
ご 愁傷 様 です	ゲーム で 全 ロス し た
他 の ユーチューバー 探そ う	好き な ユーチューバー が 配信 やめ た
クレーム 対応 お疲れ様 です	クレーム が 来 た
その 分 稼げる よ	シフト が 急遽 入っ た
そういう とき も ある さ	推し が 打た れ た
そういう とき も ある さ	推し が エラー し た
大丈夫 ？ ゆっくり 休ん で	お腹 が 痛い
大丈夫 ？ ゆっくり 休ん で	頭 が 痛い
一緒 に 考えよ う	課題 が 分から ない
連絡 し て みよ う か	サークル の 部員 が 来 ない
流行り な ん だ よ	友達 と 服 かぶっ た
そういう とき も ある さ	音 漏れ し て た
ドン マイ	ミュート し 忘れ た
後で 謝ろ う	予定 すっぽかし た
忘れ ちゃう こと も ある よ ね	ログイン し 忘れ た
再 起動 し たら ？	パソコン の 動作 が 変
たまに ある よ ね	スマホ の 動作 が 変
大丈夫 ？ ゆっくり 休ん で	腰 が 痛い
大丈夫 ？ ゆっくり 休ん で	肩こり が ひどい
お疲れ様 です	疲れ た
ヤバ そう なら 先生 に 相談 しよ う	課題 を 提出 し 忘れ た
一緒 に 買い に 行こ う	お 弁当 忘れ た
見せ て あげる	教科書 忘れ た
再 放送 ある と いい ね	ドラマ 見逃し た
残念 だ ね 、 、 再販 待と う	欲しかっ た グッズ 売り切れ て た
ある ある	部屋 の 電気 消さ ず に 家 で ちゃっ た
止ま ない か なぁ	傘 を 忘れ ちゃっ た
連絡 すれ ば 大丈夫	美容 室 の 予約 時間 過ぎ て た
アプリ で 探せ ない か な ？	スマホ を 落とし た
それ は 悲しい	受験 票 を 忘れ た
大丈夫 だっ た ？	不審 者 に 遭遇 し た
なんとか 復旧 でき ない か な 、 、 、	パソコン の データ が 消え た
なんか 楽しい こ として 時間 潰そ う	渋滞 に 引っかかっ た
最悪 じゃん	自転車 盗ま れ た
ドン マイ 次 ある よ ！	ライブ に 落選 し た
客 だ から って 偉 そう だ よ ね	クレーマー が き た
仕方 ない から リカバリ し て いこ う	飛行機 乗り遅れ た
終わり だ 、 、	部屋 に ゴキブリ が 出 た
警察 に 届け出 だそ う	財布 を 落とし た
痕 残ら ない と いい ね	火傷 し た
バファリン 飲ん で	頭 が 痛い
ケガ ない ？	転ん だ
作業 お疲れ様	肩 が 凝っ た
歯医者 行こ う	虫歯 に なっ た
すぐ 治る から 頑張っ て	ワクチン の 副 反応 が 辛い
痛い よ ね	足 が つっ た
家 で ゆっくり し て ね	お腹 が 痛い
たくさん 飲ん だ ん だ ね 、 、	二日酔い が 辛い
ビタミン C 摂っ て ！	口内 炎 が 痛い
地味 に 痛い	紙 で 指 を 切っ た
踏ん張り どころ だ 〜	課題 が 終わら ない
晴れ ない か ね	雨 で 洗濯 が でき ない
怖 すぎ	部屋 に 虫 が いる
ググ って	道 に 迷っ た
徒歩 帰宅 ？	自転車 が パンク し た
大変 だ よ ね 〜	親戚 の 話 が 長い
誰 か 帰っ て くる まで 時間 潰し に 行こ	家 の 鍵 忘れ ちゃっ た
落ち着い て 離れよ う	車 に 煽ら れ た
電車 来る まで 話 付き合う よ	電車 が 遅延 し てる
画面 とか 見る 時間 多い もん ね	視力 が 下がっ た
相手 に 連絡 しよ う	待ち合わせ 時間 間違え て た
探せ 探せ	友達 と はぐれ た
失敗 は 成功 の もと ！	味付け 微妙
やっ ちゃっ た 〜	ゴミ 出し 忘れ た
それ は それ で あり	靴下 バラバラ だっ た
後始末 が 大変 だ	ティッシュ ごと 洗濯 し て しまっ た
二 度 寝 し ちゃえ	寝坊 し た
ゴミ 袋 に なる から OK	エコ バック 忘れ た
ウケる	改札 引っかかっ た
他 の お 店 探し て みよ う	お 店 が 定休 日 だっ た
小学生 みたい だ ね	先生 を お母さん って 呼ん じゃ っ た
ご飯 は もう ちょっと 待と う	炊飯 器 の スイッチ 入れ て なかっ た
昼夜 逆転 わかる	夜 更かし し ちゃう
5 分 で いい から 続けよ	筋 トレ が 続か ない
冬 〜 って 感じ	外 が 寒い
そのうち 終わる よ	弟 が 反抗 期
仕事 に 集中 し て 放っ て おけ ば OK	バイト 先 の 人 と 合わ ない
栄養 しっかり 摂っ て 寝よ う	肌荒れ し ちゃっ た
電子 書籍 増やし て みる ？	本 の 置き場 が なくなっ て き た
あれ 嫌 だ よ ね	満員 電車 が 辛い
なかなか 難しい よ ね 、 、	ダイエット が 続か ない
感覚 に 頼ら ず に マップ 見 て 帰ろ う	来 た 道 を 覚え られ ない
稼げ 稼げ	お金 を 使い 過ぎ た
切り替え て いこ	起き たら 午後 だっ た
自粛 太り か な 、 、	太っ た
次 いこ	バイト 落ち た
雨 の 日 しか でき ない こと 考えよ	遊び に 行く 日 に 雨 が 降っ た
寂しい ね	V 6 が 解散 し た
今年 は 不作 だっ た の か ね	野菜 が 値上げ し た
もう 落とし た もの は 仕方 ない	単位 落とし た
夢 で よかっ た ね	怖い 夢 を 見 た
なんか 食べる ？	お腹 減っ た
仲直り は 早い 方 が いい よ	友達 と 喧嘩 し ちゃっ た
地味 に 辛い	暖かい 飲み物 が 売り切れ
年末 だ し どっか 行っ ちゃお う よ	最近 遠出 し て ない な
悲しい ね 、 、 、	ペット が 死ん だ
無理 し ない で	寝不足 だ けど 出かけ なきゃ
安全 運転 ！	初めて 高速 道路 で 運転 する
ゆっくり やっ て いこ う	就活 し なきゃ
挨拶 しっかり ね ！	明日 は バイト 初日 だ
落ち着く と いい ね	コロナ この まま 収束 する か な
トイレ 予約 し とこ う	食べ た もの が 消費 期限切れ だっ た
なる よう に なる さ	将来 が 不安
最後 まで 足掻こ う	明日 テスト だ
気 に し ない 気 に し ない	返信 途切れ た
他 を 探し て み て も いい かも	バイト 先 の シフト が 減っ た
楽しん で いこ う	新 学期 始まる
ブロック しよ	知ら ない 人 から ずっと メッセージ が くる
し なく て も 良い の よ	更新 が めんどい
無視 し な	遠回し に 悪口 を 書か れ た
個人 情報 は ダメ だ よ ね	許可なし で 写真 載せ られ た
人 は 人 自分 は 自分	人 の 投稿 が 羨ましい
あんまり 気 に し ない 方 が いい かも	反応 を 気 に し て しまう
他 に やる こと ある でしょ	見 過ぎ ちゃう
大事 な メッセージ だけ 返せ ば いい よ	返信 に 時間 が 取ら れる
朝 まで 遊ぼ う	終電 を 逃し た
配信 で 見よ う	見 たかっ た ドラマ を 見逃し た
タイマー 付けよ う	エアコン を 消し 忘れ た
遅れ て も いい から 提出 しよ う	提出 忘れ た
謝罪 連絡 しよ う	連絡 する の 忘れ た
買っ たら すぐ 食べよ う	賞味 期限 が 切れ て い た
ついて ない ね	水 溜り に 入っ た
ついて ない ね	鳥 の フン が かかっ た
早く 拭こ う	水筒 こぼし た
次 の 機会 に かけよ う	応募 期間 過ぎ て た
今 すぐ 連絡 しよ う	約束 を 忘れ て た
ばん そう こう はろ う	靴擦れ し た
早め に 休も う	風邪 かも
めっちゃ 痛 そう	タンス の 角 に 足 の 小指 を ぶつけ た
温め て 休も う	画面 を 見 すぎ て 、 目 疲れ た
歯医者 に 行こ う	虫歯 に なっ た
気 を 付けよ う	転ん だ
命 が あっ て よかっ た ね	事故 に あっ た
落とし物 センター に 行っ て みよ う	スマホ を 無くし た
バッテリー 買い に 行こ う	スマホ の 充電 が 切れ た
急い で 取り に 帰ろ う	改札 で お金 が ない こと に 気づい た
友達 に 相談 しよ う	課題 が わから ない
直し 方 調べよ う	パソコン が 壊れ た
時間 を ずらそ う	混雑 に 巻き込ま れ た
早く 洗お う	ミート ソース を こぼし た
次 乗り換えよ う	逆 向き の 電車 に 乗っ た
似合っ てる よ	前髪 を 切り すぎ た
次 気 を 付けよ う	砂糖 と 塩 を 間違え た
友達 に 借りよ う	財布 忘れ た
忘れ ない よう に 玄関 に 置こ う	鍵 忘れ た
スマ ホ か パソコン で メモ しよ う	ペン 忘れ た
youtube 見 て 勉強 しよ う	メイク が 上手 に でき ない
食べ た 分 だけ 運動 しよ う	ダイエット を し たい の に 食べ て しまう
ストーブ つけよ う	寒い から 布団 から 出 たく ない
よく 考えよ う	進路 が 決まら ない
環境 を 変えよ う	やる気 が 出 ない
バイト を 増やそ う	お金 が たまらない
誰 か と 一緒 に やろ う	勉強 が うまく いか ない
カルシウム とろ う	身長 が 伸び ない
たくさん 調べよ う	就職 どうし よう
ため に なる から 頑張ろ う	勉強 し たく ない
生活 習慣 見直そ う	朝 起き れ ない
これから も 追っかけよ う	手越 くん 、 卒業 し ちゃっ た
次 が ある よ	落ち た
次 は 気 を つけよ う	間に合わ なかっ た
もっと よく 探そ う	定期 なく し た
次 は 絶対 に 当選 する よ	ライブ に 落ち た
新しい の 買お う	スマホ が 壊れ た
けが だけ で 済ん で よかっ た ね	けが を し た
向い て なかっ た ん だ よ	バイト 落ち た
次 は ちゃんと 予約 しよ う	ほしい もの が 買え なかっ た
新しい 推し を 見つけよ う	推し が 引退 し た
作者 の 次回 作 を 待ち ましょ う	読ん で た 漫画 が 連載 終了 し た
なんとか なる さ	友達 できる か な
たくさん 練習 しよ う	来週 、 面接 だ
友達 を 頼ろ う	全然 、 わから ない
やり たい こと 見つけよ う	将来 どう なる だろ う
たくさん 練習 しよ う	発表 緊張 する
もう少し し たら もらえる よ	いい ね が もらえ ない
放っ て おこ う	SNS で 悪口 を 書か れ た
人 それぞれ だ よ	楽し そう な 投稿 が うらやましい
訴えよ う	勝手 に 写真 が 使わ れ た
いつか 来る よ	反応 が 来 ない
サイゼ 行こ う か	終電 を 逃し た
きっと dailymotion に ある よ	見 たかっ た ドラマ を 見逃し た
帰っ た とき 涼しく て いい ね	エアコン を 消し 忘れ た
貸す よ	ボールペン を 忘れ た
締め切り 過ぎ て て も 大丈夫 だ よ	実験 実習 費 の 納入 が 間に合わ なかっ た
明日 で いい よ	洗濯 物 を 取り込み 忘れ た
まだ ある と いい ね	トイレ に スマホ を 忘れ た
こんなに たくさん 買わ なく て よかっ た ね	賞味 期限 が 切れ て い た
百 均 で 靴下 買お う よ	水 溜り に 入っ た
汚い	鳥 の フン が かかっ た
鼻 つまん で 飲む と いい よ	苦い カクテル を 頼ん で しまっ た
きっしょ	服 に 虫 が つい た
相席 で も いい ？	フード コート で 席 が あい て ない
最近 迷走 し てる よ ね	ミニストップ の 新 商品 が まずい
ばん そう こう ある よ	靴擦れ し た
お 大事 に	風邪 かも
痛い の 痛い の 飛ん で け する ？	タンス の 角 に 足 の 小指 を ぶつけ た
休 もっか	画面 を 見 すぎ て 、 目 疲れ た
ちゃんと ストレッチ し ない から だ よ 。 言わ ん こっ ちゃ ない	捻挫 し た
チーズ 入れる と いい よ	唐辛子 が 辛 すぎる
い た たた	縁石 に つまずい た
お 薬 塗る と いい よ	ピアス 穴 が 膿ん だ
なんとか なる ん じゃ ない ？	スマホ を 無くし た
充電 できる とこ ある か な ？	スマホ の 充電 が 切れ た
ドン マイ	改札 で お金 が ない こと に 気づい た
この 授業 捨てよ う よ	先生 の 声 が 小さく て 聞こえ ない
こっち と 交換 すれ ば ？	椅子 の 高 さ が 合わ ない
貸す よ	充電 コード を 忘れ た
そんな お 店 願い下げ だ わ	JCB が 使え なかっ た
すぐ 洗っ て き な よ ！	ミート ソース を こぼし た
待っ てる ねー	逆 向き の 電車 に 乗っ た
似合っ てる よ	前髪 を 切り すぎ た
やめ て	砂糖 と 塩 を 間違え た
直し とく よ	自転車 を 倒し た
表 は 全部 解け た の ？	テスト の 裏 に 気が付か なかっ た
ティッシュ ある よ	ジュース を こぼし た
充分 上手 だ よ	メイク が 上手 に でき ない
そんな 日 も ある	ダイエット を し たい の に 食べ て しまう
今日 は 布団 で いい よ	寒い から 布団 から 出 たく ない
今夜 通話 つなご う よ	課題 が 終わら ない
隣 駅 まで 一緒 に 歩こ う	お金 が ない
もう そんな 歳 な の ？	階段 を 上る だけ で 息切れ する
あんな やつ やめ とけ	彼氏 が でき た
一緒 に バン タン 見よ う よ	手越 くん 、 卒業 し ちゃっ た
大丈夫 でしょ	友達 できる か な
頑張れ	来週 、 面接 だ
映え て ない の か な ？	いい ね が もらえ ない
気 の せい だ よ	SNS で 悪口 を 書か れ た
通報 しな よ	勝手 に 写真 が 使わ れ た
いつも の こと だ よ	炎上 し てる
流出 は ダメ だ よ	ストーリー に 講義 資料 が 写っ てる
ほほえましい ね	カップル の 惚気 が 多 すぎる
友達 の いえ に お 泊まり し て 楽しも う ！	終電 を 逃し た
Tver で 観 れる から 大丈夫 ！	見 たかっ た ドラマ を 見逃し た
1 日 くらい そんなに 電気 代 かから ない から 大丈夫 ！	エアコン を 消し 忘れ た
次 気 を つけれ ば いい ん だ よ	電気 を つけ っぱなし に し た
隣 に いる 人 の 傘 に 入っ て しまお う	傘 を 持っ て 行こ う と 思っ て い たら 忘れ て 雨 に なっ た
教授 を 説得 し て 再 提出 さ せ て もらう	課題 を 出し 忘れ た
バイト の 友達 に 貸し て くれ ない か 聞い て みよ う	バイト ある のに 制服 忘れ た
1 時間 早く 入れ て もらっ ちゃお う ！	バイト の 時間 を 1 時間 間違え た
今日 は 一 日 ヒモ に なろ う	家 を 出 たら 財布 を 忘れ た
違う 企業 で も 似 てる よう な 会社 ある はず だ よ ！	ES の 期限 間違え た
他 の 店 に 買い に 行こ う ！	欲しい もの を 買え なかっ た
まだ タイミング は これから 来る はず ！	告白 する タイミング を 逃し た
今 から 取り込ん で も 遅く ない	洗濯 物 を 取り込み 忘れ た
新しい もの を 買っ て こよ う	賞味 期限 が 切れ て い た
一旦 家 に 帰ろ う	水 溜り に 入っ た
とりあえず テッシュ で 拭こ う	鳥 の フン が かかっ た
店員 さん に 言っ て みよ う	お 店 で 頼ん だ 飲み物 が まずかっ た
次 の 日 頑張れ ば 大丈夫	仮眠 しよ う と し たら 4 時間 寝 て た
次 の バス まで 待と う	バス が 目 の 前 で 行っ て しまっ た
他 の 大学 で も きっと いい こと が 待っ てる はず	第 一 志望 に 落ち た
次に この 失敗 を 繰り返さ ない よう に 気 を つけよ う	大事 な 日 に 寝坊 し た
次 は 逆 に いい こと ある かも よ	株 で 大損 し た
新しい 靴 を 買お う	靴擦れ し た
一旦 ぐっすり 寝よ う	風邪 かも
湿布 を 貼っ て おこ う	タンス の 角 に 足 の 小指 を ぶつけ た
一旦 目 を 閉じよ う	画面 を 見 すぎ て 、 目 疲れ た
そんな 時 も ある 、 次 は いい こと ある よ ”	みんな 見 てる ところ で 1 人 で こけ た
は は はっ は ！	10 分の タイマー を 10 時間 で セット し た
一旦 病院 に 行っ て みよ う	寝 ながら スマホ 見 て たら 顔 の 上 に 落ち て き た
病院 に 行っ て みよ う	犬 に 噛ま れ た
スマホ に も GPS を つける よう に しよ う	スマホ を 無くし た
レンタルモバイルバッテリー を 使用	スマホ の 充電 が 切れ た
駅員 さん に お金 借りよ う	改札 で お金 が ない こと に 気づい た
その ひと とも 友達 に なろ う	友達 に 似 て た から 話しかけ たら 全く 知ら ない 人 だっ た
その 美容 院 に は 2 度 と 行か ない よう に しよ う	髪の毛 染め たら 変 な 色 に さ れ た
その 美容 院 に は 2 度 と 行か ない よう に しよ う	パーマ かけ た けど 全然 かから なかっ た
隣 に 座っ て いる 人 に 借りよ う	勉強 する とき に ペン を 忘れ た
洗お う	ミート ソース を こぼし た
もう 一 回 逆 向き に 乗ろ う ！	逆 向き の 電車 に 乗っ た
坊主 に し ちゃお う ！	前髪 を 切り すぎ た
作る もの を 変えれ ば いい ！	砂糖 と 塩 を 間違え た
直せ ば いい だけ ！	漢字 の 変換 を 間違え た
間違え た ！ って 言っ て みよ う	友達 の 名前 を 言い 間違え た
すぐ に 消そ う	裏 垢 と サブ 垢 間違え た
新しい 靴下 買っ ちゃ お ！	靴下 が 左右 で 違っ た
言い直せ ば 大丈夫 ！	注文 を 言い 間違え た
一旦 何 も なかっ た か の よう に 退出 しよ う	画面 オフ だ と 思っ て い たら オン に なっ て い た
一旦 何 も なかっ た か の よう に 退出 しよ う	ミュート し 忘れ て 悪口 言っ ちゃっ た
youtube で 勉強 しよ う	メイク が 上手 に でき ない
あなた は 太っ て なんか ない よ	ダイエット を し たい の に 食べ て しまう
出 なく たって いい よ	寒い から 布団 から 出 たく ない
やる気 次第	ジム に 行き たい のに ちゃんと 通える か 不安 で いけ ない
それ な	周り が 就活 進ん で て 焦る
それ な	鼻水 が 止まら ない
本当に それ な	リップ 塗っ て も 乾燥 する
そこ まで 興味 ない か な	手越 くん 、 卒業 し ちゃっ た
何 に ？ ？	落ち た
何 に ？ ？	間に合わ なかっ た
なんて 聞か れ た の ？	面接 むずかっ た
どんな 感じ で ？	面接 官 が 怖かっ た
その 子 に 嫌わ れ て いる の かも	友達 と 予定 が 合わ ない
どこ 行き たい の ？	海外 に 行け ない
その こと は もう 遊ぶ の やめよ う	ドタキャン さ れ た
ショック ！	白い 服 に コーヒー こぼし た
そう ゆう 時 も ある よ ね	自分 の 好み が 変わっ た
それ は マジ で 萎える	マスクイケメン だっ た
できる よ ！	友達 できる か な
しっかり 対策 し て いこ	来週 、 面接 だ
何 が ？	全然 、 わから ない
それ な ！ ！ ！	就活 し たく ない
それ な ！！！！！！！！！！！！！	働き たく ない
わたし も 不安	将来 が 不安
あれ は 難しい	コーディング テスト が 本当に でき ない
そう ゆう 時 も ある よ ね	いい ね が もらえ ない
ブロック しよ う	SNS で 悪口 を 書か れ た
ブロック しよ う	楽し そう な 投稿 が うらやましい
友達 に しっかり 伝えよ う	勝手 に 写真 が 使わ れ た
そう ゆう 時 も ある	炎上 し た
最高 ！	バズ っ た
ブロック しか え そう	ブロック さ れ て い た
自分 の も 非 表示 に し て おこ う	ストーリー 非 表示 に さ れ て た
そう ゆう 時 も ある ！	投稿 し たら いい ね 数 が 少なかっ た
その グループ なんて 友達 じゃ ない ！	グループ 内 で 自分 以外 で 遊ん で た
それ は やめ とき な ！	Twitter で 悪口 書い た
それ な ！！！！！！！！！！！！！	依存 から 離れ られ ない
確か に ！	友達 の 状況 を 知れる
それ は いい こと ！	情報 取 集 たくさん できる
それ も 確か に	リアルタイム で 知れる
いい ね ！ ！ ！	フォロワー 増え た
お疲れ様 ！ タクシー 呼ぼ	終電 を 逃し た
動画 配信 サービス で 配信 さ れ てる かも よ ！	見 たかっ た ドラマ を 見逃し た
この 反省 を 次に 活かそ う ！	エアコン を 消し 忘れ た
ついで に 他 の もの も 確認 し て み よ	賞味 期限 が 切れ て い た
濡れ ちゃっ た ？ 風 引か ない よう に ね	水 溜り に 入っ た
鳥 の ふん が つく と 運 が つく という 言い伝え が ある よ ！	鳥 の フン が かかっ た
警察 に 届け出よ う	空き巣 に 入ら れ た
大丈夫 ？ タオル で 拭こ う	飲み物 を こぼし た
痛い よ ね 、 、 大丈夫 ？ 絆創膏 貼っ て ね	靴擦れ し た
大丈夫 ？ 休める とき に しっかり 休ん で ね	風邪 かも
痛 そう 、 、 気 を つけ て	タンス の 角 に 足 の 小指 を ぶつけ た
外 見 て ゆっくり し よ	画面 を 見 すぎ て 、 目 疲れ た
頑張っ た 証拠 だ ね 、 ゆっくり 休ん で	筋肉 痛 だ
大丈夫 ？ ゆっくり 休ん で ね	頭 が 痛い
大丈夫 見つかる よ ！	スマホ を 無くし た
充電 し て こよ ！	スマホ の 充電 が 切れ た
大変 だっ た ね 、 、	改札 で お金 が ない こと に 気づい た
洗え ば 落ちる ！	ミート ソース を こぼし た
そういう こと も ある よ ね	逆 向き の 電車 に 乗っ た
前髪 は すぐ 伸びる よ	前髪 を 切り すぎ た
たま に は そういう 事 も ある	砂糖 と 塩 を 間違え た
回数 重ねれ ば うまく なる よ ！	メイク が 上手 に でき ない
ちょっと ずつ 減らし て こ	ダイエット を し たい の に 食べ て しまう
出 ちゃえ ば 意外と 大丈夫 だ よ ！	寒い から 布団 から 出 たく ない
もう 友達 じゃん	友達 欲しい
練習 ある のみ ！ たくさん 練習 頑張っ て	ダンス が 覚え られ ない
むしろ 新しい 素敵 な こと が ある かも よ	手越 くん 、 卒業 し ちゃっ た
努力 し た こと に 意味 が ある	落ち た
焦ら ず 次 の 電車 で 行こ	電車 に 間に合わ なかっ た
どう し た の ？ 話 聞く よ	友達 と 喧嘩 し た
できる よ ！	友達 できる か な
頑張っ て ！ 応援 し てる よ	来週 、 面接 だ
ゆっくり 考えよ	全然 、 わから ない
あと 少し 、 頑張っ て ！	〆切 が 迫っ てる
一旦 休憩 しよ ！	やる気 が 出 ない
数 は 気 に し なく て いい	いい ね が もらえ ない
そんな の 気 に し なく て いい よ 、 無視 無視	SNS で 悪口 を 書か れ た
人 は 人 、 自分 は 自分 ！ 充実 し ちゃお	楽し そう な 投稿 が うらやましい
や だ よ ね 、 直接 嫌 な 気持ち 伝え た ほう が いい よ	勝手 に 写真 が 使わ れ た
うち 泊まる ？	終電 を 逃し た
Tver で 再 放送 さ れ てる か な ？	見 たかっ た ドラマ を 見逃し た
家 に 帰っ たら 時 天国 じゃん	エアコン を 消し 忘れ た
それ は 、 ちゃんと 確認 しよ	提出 出来 なかっ た
早く 寝 て 朝 早く 食べよ ！	ご飯 食べる タイミング 逃し た ！
今日 は 奢っ て あげよ う	お 財布 忘れ た
今 すぐ 帰っ て あげ な	猫 に ごはん あげる の 忘れ た
早く 見つけ て 捕まえよ う ！	犯人 を 逃し た
1 週間 以内 なら 大丈夫 ！	賞味 期限 が 切れ て い た
水 の 滴る いい 女 に なっ た ね	水 溜り に 入っ た
運 が 付い た ん じゃ い ？	鳥 の フン が かかっ た
見る 目 無かっ た 次 行こ う	彼氏 に 振ら れ た
食べる 量 減らし て み たら ？	太っ た
運動 すれ ば 大丈夫	食べ 過ぎ た
また コピー すれ ば いい さ	紙 を 破っ た
今 から 急い で やろ う ！	今日 提出 の 物 が あっ た
こっち から 願い下げ じゃ ない ？	専攻 は ずれ た
元気 出し て	貢が せ て くれ ない
顔 を こっち に 向か せれ ば ？	話し を 聞い て くれ ない
頑張っ たら 良い こと ある ん じゃ ない ？	テスト 勉強 し たく ない
フッタ こと を 後悔 さ せ て やれ	元 カレ と あっ た
マジ う ざいな 、 一 回 殴っ たら ？	変換 が 上手く いか ない
カット バン 買っ て 休も う か	靴擦れ し た
ゆっくり 休ん で 治そ う	風邪 かも
一旦 深呼吸 しよ ！	タンス の 角 に 足 の 小指 を ぶつけ た
ブレイクタイム に しよ う	画面 を 見 すぎ て 、 目 疲れ た
まずは 、 遊ぼ う ！	疲れ て 心 が 痛い
私 が いる よ ！	ハブ られ た
歯 医 行こ う ！	歯 が 痛い
取り敢えず 、 携帯 会社 に 問い合わせよ う	スマホ を 無くし た
充電 スポット に 行こ う ！	スマホ の 充電 が 切れ た
貸し て あげよ う か ？	改札 で お金 が ない こと に 気づい た
一緒 に バイト しよ う ！	お金 が 無い
警察 に 相談 し に 行こ う	財布 を 無くし た
銭湯 に 入り に 行こ う	お 風呂 が 壊れ た
すぐ に 洗え ば 大丈夫 さ	ミート ソース を こぼし た
すぐ に 気が付い て 良かっ た じゃん ！ 乗り換えよ ！	逆 向き の 電車 に 乗っ た
それ も 似合っ てる よ ！ 気 に なる なら 前髪 上げれ ば ？	前髪 を 切り すぎ た
そういう 事 も ある さ	砂糖 と 塩 を 間違え た
慌て ない で 確認 しよ う ！	電車 を 間違え た
ゆっくり おいで	遅刻 し そう
もう一度 教え て もらい な	人 の 名前 間違え た
一緒 に 練習 しよ う ！	メイク が 上手 に でき ない
夜 を 我慢 し て みれ ば ？	ダイエット を し たい の に 食べ て しまう
部屋 を 温かく し て おこ う ！	寒い から 布団 から 出 たく ない
私 も 不安 すぎる	将来 が 不安
心 の コンパス に 従お う ！	どっち に 進め ば いい か 分から ない
どんな 色 でも かわいい けど ね ？	髪 色 が 決まら ない
すぐ に 熱く なれる ん だ ね	短気 かも
いろんな 事 を 体験 できる じゃん	冷め やすい ん だ よ ね
そう 思っ てる だけ で 優しい よ	優しく なり たい
そのまま でも 十分 かわいい けれど 、 自分 が し たい なら すれ ば いい さ	整形 し たい
当たっ て 砕け な ！	告白 し たい
悲しみ に 溺れる ね	手越 くん 、 卒業 し ちゃっ た
次 頑張れ ば いい ん だ よ ！	落ち た
もう ゆっくり 行こ う	間に合わ なかっ た
そこ と は 縁 が 無かっ た ん だ よ	すっぽかし た
いつも 心 の 中 に いる よ	ペット が 死ん じゃっ た
気分 を あげ に 行こ う ！	取り敢えず 悲しい
推し の 為 に 頑張っ て	しんどい
神 に 愛さ れ てる から 大丈夫	誰 も 観 て くれ ない
一 人 じゃ ない よ	生き て いる の が つらい
出来る よ ！ 自分 から 話しかけ て み たら ？	友達 できる か な
もう一度 、 確認 しよ う	来週 、 面接 だ
自分 を 信じ て ！	全然 、 わから ない
予習 を 頑張ろ う ！	テスト が できる か 分から ない
自分 を 磨こ う	結婚 出来る か な
自分 を 理解 し て 突き進む しか ない	就職 出来る か な
ダイコン だ と 思う ん だ ！	緊張 する
何 色 に も 染まら ない なんて 素敵	周り と なじめ ない
自分 が 気 に し て て も 相手 は 気 に し て ない よ	今日 の 振り返り
人 の こと 考える な ！ 自分 は 自分 ！	いい ね が もらえ ない
暇人 な ん だ ね	SNS で 悪口 を 書か れ た
自分 も 楽しい こと すれ ば ？	楽し そう な 投稿 が うらやましい
本人 に 言っ て 削除 し て もらお う	勝手 に 写真 が 使わ れ た
相手 も 忙しい ん だ よ	返信 が こ ない
明日 かけ 直し て みれ ば ？	電話 も 出 ない
見 なきゃ 良い	におわせ が つらい
一 回 整理 し て み たら	予定 が 入り 過ぎ て いる
一言 声 掛け たら ？	話し に 割り込ん で くる
距離 を 置こ う	見 てる の も いや
自分 の 意見 を 言っ た 方 が いい	親 が 干渉 し て くる
取り返し て やれ	マウント 取っ て くる
警察 に 突き出そ う	痴漢 さ れ た
自分 の 良い ところ を 見つけ て みよ う	自分 が う ざい
自分 に しか ない 個性 を 示そ う	元 カノ と 比較 さ れ た
愛 が 無きゃ 許せ ない よ	嫌 な こと さ れ た 、 だけど 許し た
眠 剤 や ゆっくり お 風呂 に 入り な	寝 れ ない
天使 が 舞い降り た と 思っ た	かわいい 子
そこはかとなく いい 感じ だ よ ね ！	普通 の 子
いい 奥さん に なれる ね	家事 得意
石油 王 と 結婚 出来る ん じゃ ない ？	英語 が 出来る
ほんとに 愛し てる わ	嬉しい こと を さ れ た
心 の 広 さ 太平洋 か よ	許し を こう
その 考え 神 か よ	アイディア を 貰っ た
のんき な の は 心 の 余裕 が ある から よ	マイペース
情 に 熱い 良い 人 だ と 思う よ	熱心 に 教え て たら ウザ がら れ た
毎日 努力 し て て 偉い ね	今日 も 寝る 時間 が 遅く なっ た
それ も 個性 さ	他人 と 気 が 合わ ない
誰 と で も 話せる の は 凄い ！	おしゃべり かも
真面目 に 生き てる って こと だ から いい こと じゃ ない ？	融通 が 利か ない 節 が ある の
たま に は ゆっくり でも いい ん じゃ ない ？	電車 逃し た
見逃し 配信 を チェック ！	ドラマ 見逃し た
愉快 な サザエさん ♪	財布 忘れ た
きっと 大丈夫	鍵 しめ 忘れ た
切符 チャレンジ ！	Suica 忘れ た
あ ちゃ ー	終電 逃し た
おなか 壊し ませ ん よう に	賞味 期限 が 切れ て い た
楽し そう ！	水 溜り に 入っ た
いい こと ある よ	鳥 の フン が かかっ た
アイス が 美味しい 季節 ！	暑い
風邪 ひか ない よう に 温かく し て ね	寒い
みんな も 頑張っ てる ！	満員 電車 …
ドン マイ ！	トイレ めっちゃ 並ん でる
運 が つい て くる よ	うん ち 踏ん だ
長引い た 分 だけ 賢く なっ た ！	授業 が 長かっ た
戦闘 態勢 ！	G に 遭遇 し た
そんな 日 も ある ！	赤信号 ばっかり ！
危ない ！	自転車 と ぶつかり そう に なっ た
お疲れ様 ！ ゆっくり 休ん で ね	今日 は 1 日 忙しかっ た
why ？	英語 の 先生 めっちゃ 当て て き た
コロナ 収まれ ー	韓国 行き たい
ムヒ ！	蚊 に 刺さ れ た
イメチェン ！	日焼け し た
きっと 美味しい ん だ ！	外食 し たら 行列 が …
お疲れ様 ^_^	疲れ た
イヤ ホン で 好き な 音楽 を 聴い て みよ う	周り の 音 が うるさい
大変 ！	事故 に 遭っ た
いい 運動 に なる ね	階段 辛い
人生 の 主役 は あなた ！ 気 に し なく て 良い よ	嫌い な 人 に 会っ た
給料 日 の 自分 が 喜ぶ ！	バイト 長引い た
あなた が 死ん だら 悲しい ！	死に たい …
聞き流そ う	バイト 先 の 先輩 が 面倒臭い
あなた が 悪い と は 限ら ない ！	先生 に 怒ら れ た
ฅ ^• · ̫ •^ ฅ 貸そ う か ？	猫 の 手 借り たい …
次 まで ワクワク 期間 だ ！	次回 が 気 に なる
痛い よ ね …	口内 炎 痛い
バランス の 良い 食事 を	ニキビ でき た
ムキムキ に なる	筋肉 痛 …
悪化 し ない よう に ゆっくり 休ん で ！	喉 痛い
洗い流し て ー	目 に ゴミ 入っ た
痛い の 痛い の 飛ん で いけ 〜	小指 ぶつけ た
無理 し ない で 〜	膝 が 痛い
すぐ に 冷やし て ！	火傷 し た
早く 歯医者 へ ！	虫歯 が 痛い
暴力 反対 ！	叩か れ た
薬 飲ん だ ？	花粉 症
温かく し て 寝 て ね	熱 が 出 た
痛 っ … お 大事 に	紙 で 指 切っ た
電話 し て みよ う	スマホ を 無くし た
バッテリー は ？	スマホ の 充電 が 切れ た
ある よ ね ～	改札 で お金 が ない こと に 気づい た
雨宿り しよ う	急 に 雨 が 降っ て き た
お 昼寝 する ？	眠い
Wi - Fi 活用 ！	通信 制限 き た ー
温度 を 下げよ う	暖房 暑 すぎ た
ホット ミルク 飲む と 良い よー	寝 なきゃ いけ ない のに 寝 れ ない
焦ら ず 身 を 低く し て ゆっくり 移動 ！	蜂 に 追いかけ られ た
ちょっと だけ 見 ちゃう ？	課題 ある けど ドラマ の 続き 見 たい
ゆっくり でも 明日 は くる 〜 ♪	電車 遅れ てる
ここら で 休憩	電車 止まっ た
新しい 旅 の 始まり ！	電車 に 乗り 間違え た
頑張れ ！	荷物 が 重い
無視 無視 ！	迷惑 メール
上手く かわそ う	酔っ払い に 絡ま れ た
頑張っ て ✧＼ ٩ (• ́ ι _• ̀ ) و ／✧	雨 な のに バイト ある …
みんな で ゲーム でも し ながら ゆっくり 行こ う ！	渋滞 …
ドン マイ	ミート ソース を こぼし た
おしゃれ さん	前髪 を 切り すぎ た
意外と 美味しい かも ！	砂糖 と 塩 間違え た …
そんな バナナ	バナナ で すべっ た
なんとか なる なる 〜 ！	寝坊 し た
運命 の 相手 かも	人 と ぶつかっ た
大丈夫 ？ 怪我 は ない ？	転ん だ
今日 も 一 日 頑張れ ୧ ⃛( ๑ ⃙⃘ ⁼ ̴̀꒳ ⁼ ̴́๑ ⃙⃘) ୨ ⃛	眠い けど 起き なきゃ
似 た もの 同士	親 と 喧嘩 し た
そんな 君 も 素敵 さ ☆	太っ た
可愛い よ ♡	寝癖 すごい
頑張れ ！	課題 が 多い
良い 香り の ハンド クリーム を 使っ て みよ う ！	手 が 乾燥 し て き た …
明日 は きっと 会える ！	友達 に 会え なかっ た
また 明日 行っ て みよ う ！	欲しい もの が 売り切れ だっ た
交番 へ let ' s go ！	お 財布 落とし た
ドン マイ （ ; ; ）	給食 の 揚げ パン 落とし た
次 が ある よ	フラ れ た
( ･ ᷄ ∀･ ᷅ )	ジュース こぼし た
今日 は 卵焼き に しよ う	卵 割れ た
伸び 代 だらけ ！	テスト 0 点 だっ た
空い た 時間 好き な こと に 使お う	ドタキャン さ れ た
そろそろ 買い替え 時 かも	スマホ 割れ た
電子 レンジ が ある 時代 で よかっ た ！	ご飯 が 冷たい
今日 は メガネ で イメチェン だ ！	コンタクト 落とし た
韓国 ドラマ ある ある	ヒール 折れ た
もう 騙さ れ ない ぞ ！	友達 に 騙さ れ た
逆 の 電車 に 乗れ ば いい さ	電車 乗り過ごし た
洗濯 すれ ば 落ちる かも	お気に入り の 服 汚し た
新しい 顔 だ よ ！ (⚈ ⚈ ͜ ⚈) 彡	顔 が 汚れ て 力 が 出 ない
今夜 何 食べる ？	お腹 すい た
次 頑張れ ば いい よ ！	試験 落ち た …
大人 の 階段 登っ た ！	お 寿司 に わさび 入っ て た
バカ っていう 方 が バーカ ！	バカ って 言わ れ た
高い よ ね …	新 発売 の お菓子 が コンビニ 限定 …
幸せ の 代金	スタバ の 新作 高 すぎ
修理 修理 ー	自転車 パンク し た
気 を つけ て ！	夜道 が 暗い
自信 を 持っ て ！	来週 、 面接 だ
まず 体調 管理 ！ 寝不足 は 良く ない よ	明日 起き れる か 不安
正夢 に なり ませ ん よう に ☆ 彡	怖い 夢見 た
気 に し なく て 大丈夫 ！	朝 たまたま 見 た 占い の 結果 が 悪かっ た
気長 に 待っ て みよ う	郵便 が 届か ない
あなた の 価値 は そんな こと じゃ 決まら ない ！	いい ね が もらえ ない
気 に する な ！	SNS で 悪口 を 書か れ た
何 か 楽しい こと を し て み て	楽し そう な 投稿 が うらやましい
訴えよ う	勝手 に 写真 が 使わ れ た
きっと 相手 も 忙しい ん だ … ！	返信 が 遅い
